,player_id,match_id,team,opposition_team,number,position,captain
0,33751,103171,"Canberra
RAIDERS",WARRIORS,1,FB,False
0,22069,103171,WARRIORS,"Canberra
RAIDERS",1,FB,False
0,38056,103171,"Canberra
RAIDERS",WARRIORS,2,W,False
0,35163,103171,WARRIORS,"Canberra
RAIDERS",2,W,False
0,29981,103171,"Canberra
RAIDERS",WARRIORS,3,C,False
0,37236,103171,WARRIORS,"Canberra
RAIDERS",3,C,False
0,28599,103171,"Canberra
RAIDERS",WARRIORS,4,C,False
0,28725,103171,WARRIORS,"Canberra
RAIDERS",4,C,False
0,31266,103171,"Canberra
RAIDERS",WARRIORS,5,W,False
0,19974,103171,WARRIORS,"Canberra
RAIDERS",5,W,False
0,37998,103171,"Canberra
RAIDERS",WARRIORS,6,FE,False
0,28262,103171,WARRIORS,"Canberra
RAIDERS",6,FE,False
0,23760,103171,"Canberra
RAIDERS",WARRIORS,7,HB,False
0,31349,103171,WARRIORS,"Canberra
RAIDERS",7,HB,False
0,28215,103171,"Canberra
RAIDERS",WARRIORS,8,FR,False
0,22606,103171,WARRIORS,"Canberra
RAIDERS",8,FR,True
0,26829,103171,"Canberra
RAIDERS",WARRIORS,9,HK,False
0,25627,103171,WARRIORS,"Canberra
RAIDERS",9,HK,False
0,20817,103171,"Canberra
RAIDERS",WARRIORS,10,FR,True
0,28816,103171,WARRIORS,"Canberra
RAIDERS",15,FR,False
0,28257,103171,"Canberra
RAIDERS",WARRIORS,11,2R,False
0,22808,103171,WARRIORS,"Canberra
RAIDERS",11,2R,False
0,33720,103171,"Canberra
RAIDERS",WARRIORS,12,2R,False
0,23502,103171,WARRIORS,"Canberra
RAIDERS",12,2R,False
0,17155,103171,"Canberra
RAIDERS",WARRIORS,16,L,False
0,21898,103171,WARRIORS,"Canberra
RAIDERS",10,L,False
0,28261,103171,"Canberra
RAIDERS",WARRIORS,13,B,False
0,22763,103171,WARRIORS,"Canberra
RAIDERS",13,B,False
0,50791,103171,"Canberra
RAIDERS",WARRIORS,14,B,False
0,20217,103171,WARRIORS,"Canberra
RAIDERS",14,B,False
0,30906,103171,"Canberra
RAIDERS",WARRIORS,15,B,False
0,37238,103171,WARRIORS,"Canberra
RAIDERS",16,B,False
0,33761,103171,"Canberra
RAIDERS",WARRIORS,17,B,False
0,37918,103171,WARRIORS,"Canberra
RAIDERS",17,B,False
0,22807,103172,"Penrith
PANTHERS","Cronulla Sutherland
SHARKS",1,FB,False
0,28451,103172,"Cronulla Sutherland
SHARKS","Penrith
PANTHERS",1,FB,False
0,48731,103172,"Penrith
PANTHERS","Cronulla Sutherland
SHARKS",2,W,False
0,35476,103172,"Cronulla Sutherland
SHARKS","Penrith
PANTHERS",2,W,False
0,31081,103172,"Penrith
PANTHERS","Cronulla Sutherland
SHARKS",3,C,False
0,23420,103172,"Cronulla Sutherland
SHARKS","Penrith
PANTHERS",3,C,False
0,26267,103172,"Penrith
PANTHERS","Cronulla Sutherland
SHARKS",4,C,False
0,28641,103172,"Cronulla Sutherland
SHARKS","Penrith
PANTHERS",4,C,False
0,35607,103172,"Penrith
PANTHERS","Cronulla Sutherland
SHARKS",5,W,False
0,28465,103172,"Cronulla Sutherland
SHARKS","Penrith
PANTHERS",5,W,False
0,34025,103172,"Penrith
PANTHERS","Cronulla Sutherland
SHARKS",6,FE,False
0,29966,103172,"Cronulla Sutherland
SHARKS","Penrith
PANTHERS",6,FE,False
0,22776,103172,"Penrith
PANTHERS","Cronulla Sutherland
SHARKS",7,HB,True
0,28817,103172,"Cronulla Sutherland
SHARKS","Penrith
PANTHERS",7,HB,False
0,22777,103172,"Penrith
PANTHERS","Cronulla Sutherland
SHARKS",8,FR,False
0,22715,103172,"Cronulla Sutherland
SHARKS","Penrith
PANTHERS",8,FR,False
0,28602,103172,"Penrith
PANTHERS","Cronulla Sutherland
SHARKS",9,HK,False
0,28206,103172,"Cronulla Sutherland
SHARKS","Penrith
PANTHERS",9,HK,False
0,31080,103172,"Penrith
PANTHERS","Cronulla Sutherland
SHARKS",10,FR,False
0,26516,103172,"Cronulla Sutherland
SHARKS","Penrith
PANTHERS",10,FR,False
0,20893,103172,"Penrith
PANTHERS","Cronulla Sutherland
SHARKS",11,2R,False
0,28205,103172,"Cronulla Sutherland
SHARKS","Penrith
PANTHERS",11,2R,False
0,28258,103172,"Penrith
PANTHERS","Cronulla Sutherland
SHARKS",12,2R,False
0,29963,103172,"Cronulla Sutherland
SHARKS","Penrith
PANTHERS",12,2R,False
0,20713,103172,"Penrith
PANTHERS","Cronulla Sutherland
SHARKS",13,L,False
0,20170,103172,"Cronulla Sutherland
SHARKS","Penrith
PANTHERS",13,L,True
0,29971,103172,"Penrith
PANTHERS","Cronulla Sutherland
SHARKS",14,B,False
0,31369,103172,"Cronulla Sutherland
SHARKS","Penrith
PANTHERS",14,B,False
0,23403,103172,"Penrith
PANTHERS","Cronulla Sutherland
SHARKS",15,B,False
0,22775,103172,"Cronulla Sutherland
SHARKS","Penrith
PANTHERS",15,B,False
0,23753,103172,"Penrith
PANTHERS","Cronulla Sutherland
SHARKS",16,B,False
0,23912,103172,"Cronulla Sutherland
SHARKS","Penrith
PANTHERS",16,B,False
0,47437,103172,"Penrith
PANTHERS","Cronulla Sutherland
SHARKS",17,B,False
0,33219,103172,"Cronulla Sutherland
SHARKS","Penrith
PANTHERS",17,B,False
0,19474,109354,"Sydney
ROOSTERS","Brisbane
BRONCOS",1,FB,True
0,30858,109354,"Brisbane
BRONCOS","Sydney
ROOSTERS",1,FB,False
0,20005,109354,"Sydney
ROOSTERS","Brisbane
BRONCOS",2,W,False
0,31079,109354,"Brisbane
BRONCOS","Sydney
ROOSTERS",2,W,False
0,52106,109354,"Sydney
ROOSTERS","Brisbane
BRONCOS",3,C,False
0,33757,109354,"Brisbane
BRONCOS","Sydney
ROOSTERS",3,C,False
0,35718,109354,"Sydney
ROOSTERS","Brisbane
BRONCOS",4,C,False
0,26512,109354,"Brisbane
BRONCOS","Sydney
ROOSTERS",4,C,False
0,28635,109354,"Sydney
ROOSTERS","Brisbane
BRONCOS",5,W,False
0,28480,109354,"Brisbane
BRONCOS","Sydney
ROOSTERS",5,W,False
0,35539,109354,"Sydney
ROOSTERS","Brisbane
BRONCOS",6,FE,False
0,13914,109354,"Brisbane
BRONCOS","Sydney
ROOSTERS",6,FE,False
0,17199,109354,"Sydney
ROOSTERS","Brisbane
BRONCOS",7,HB,False
0,19417,109354,"Brisbane
BRONCOS","Sydney
ROOSTERS",7,HB,True
0,23732,109354,"Sydney
ROOSTERS","Brisbane
BRONCOS",8,FR,False
0,28411,109354,"Brisbane
BRONCOS","Sydney
ROOSTERS",8,FR,False
0,22720,109354,"Sydney
ROOSTERS","Brisbane
BRONCOS",9,HK,False
0,29827,109354,"Brisbane
BRONCOS","Sydney
ROOSTERS",9,HK,False
0,31353,109354,"Sydney
ROOSTERS","Brisbane
BRONCOS",10,FR,False
0,25859,109354,"Brisbane
BRONCOS","Sydney
ROOSTERS",10,FR,False
0,22840,109354,"Sydney
ROOSTERS","Brisbane
BRONCOS",11,2R,False
0,22750,109354,"Brisbane
BRONCOS","Sydney
ROOSTERS",11,2R,False
0,23898,109354,"Sydney
ROOSTERS","Brisbane
BRONCOS",12,2R,False
0,29757,109354,"Brisbane
BRONCOS","Sydney
ROOSTERS",12,2R,False
0,34315,109354,"Sydney
ROOSTERS","Brisbane
BRONCOS",15,L,False
0,30910,109354,"Brisbane
BRONCOS","Sydney
ROOSTERS",13,L,False
0,23717,109354,"Sydney
ROOSTERS","Brisbane
BRONCOS",14,B,False
0,28703,109354,"Brisbane
BRONCOS","Sydney
ROOSTERS",14,B,False
0,49113,109354,"Sydney
ROOSTERS","Brisbane
BRONCOS",16,B,False
0,23475,109354,"Brisbane
BRONCOS","Sydney
ROOSTERS",15,B,False
0,44804,109354,"Sydney
ROOSTERS","Brisbane
BRONCOS",17,B,False
0,31347,109354,"Brisbane
BRONCOS","Sydney
ROOSTERS",16,B,False
0,47347,109354,"Sydney
ROOSTERS","Brisbane
BRONCOS",19,B,False
0,31368,109354,"Brisbane
BRONCOS","Sydney
ROOSTERS",17,B,False
0,47249,109355,WESTS TIGERS,"Newcastle
KNIGHTS",1,FB,False
0,22966,109355,"Newcastle
KNIGHTS",WESTS TIGERS,1,FB,True
0,33587,109355,WESTS TIGERS,"Newcastle
KNIGHTS",2,W,False
0,31626,109355,"Newcastle
KNIGHTS",WESTS TIGERS,2,W,False
0,24102,109355,WESTS TIGERS,"Newcastle
KNIGHTS",3,C,False
0,16573,109355,"Newcastle
KNIGHTS",WESTS TIGERS,3,C,False
0,35322,109355,WESTS TIGERS,"Newcastle
KNIGHTS",4,C,False
0,28828,109355,"Newcastle
KNIGHTS",WESTS TIGERS,4,C,False
0,35666,109355,WESTS TIGERS,"Newcastle
KNIGHTS",5,W,False
0,31083,109355,"Newcastle
KNIGHTS",WESTS TIGERS,5,W,False
0,47250,109355,WESTS TIGERS,"Newcastle
KNIGHTS",6,FE,False
0,47294,109355,"Newcastle
KNIGHTS",WESTS TIGERS,6,FE,False
0,24106,109355,WESTS TIGERS,"Newcastle
KNIGHTS",7,HB,True
0,22748,109355,"Newcastle
KNIGHTS",WESTS TIGERS,7,HB,False
0,33067,109355,WESTS TIGERS,"Newcastle
KNIGHTS",8,FR,False
0,21515,109355,"Newcastle
KNIGHTS",WESTS TIGERS,8,FR,False
0,35156,109355,WESTS TIGERS,"Newcastle
KNIGHTS",14,HK,False
0,28705,109355,"Newcastle
KNIGHTS",WESTS TIGERS,9,HK,False
0,33713,109355,WESTS TIGERS,"Newcastle
KNIGHTS",10,FR,False
0,31627,109355,"Newcastle
KNIGHTS",WESTS TIGERS,10,FR,False
0,37234,109355,WESTS TIGERS,"Newcastle
KNIGHTS",11,2R,False
0,35529,109355,"Newcastle
KNIGHTS",WESTS TIGERS,11,2R,False
0,29823,109355,WESTS TIGERS,"Newcastle
KNIGHTS",12,2R,False
0,30246,109355,"Newcastle
KNIGHTS",WESTS TIGERS,12,2R,False
0,23762,109355,WESTS TIGERS,"Newcastle
KNIGHTS",13,L,False
0,17283,109355,"Newcastle
KNIGHTS",WESTS TIGERS,13,L,False
0,39348,109355,WESTS TIGERS,"Newcastle
KNIGHTS",9,B,False
0,23398,109355,"Newcastle
KNIGHTS",WESTS TIGERS,14,B,False
0,23749,109355,WESTS TIGERS,"Newcastle
KNIGHTS",15,B,False
0,25770,109355,"Newcastle
KNIGHTS",WESTS TIGERS,15,B,False
0,21482,109355,WESTS TIGERS,"Newcastle
KNIGHTS",16,B,False
0,29826,109355,"Newcastle
KNIGHTS",WESTS TIGERS,16,B,False
0,35651,109355,WESTS TIGERS,"Newcastle
KNIGHTS",17,B,False
0,31084,109355,"Newcastle
KNIGHTS",WESTS TIGERS,17,B,False
0,47247,109356,"South Sydney
RABBITOHS",DOLPHINS,1,FB,False
0,29833,109356,DOLPHINS,"South Sydney
RABBITOHS",1,FB,False
0,32382,109356,"South Sydney
RABBITOHS",DOLPHINS,2,W,False
0,23815,109356,DOLPHINS,"South Sydney
RABBITOHS",2,W,False
0,19515,109356,"South Sydney
RABBITOHS",DOLPHINS,3,C,False
0,29766,109356,DOLPHINS,"South Sydney
RABBITOHS",3,C,False
0,23913,109356,"South Sydney
RABBITOHS",DOLPHINS,4,C,False
0,28706,109356,DOLPHINS,"South Sydney
RABBITOHS",4,C,False
0,39203,109356,"South Sydney
RABBITOHS",DOLPHINS,5,W,False
0,32836,109356,DOLPHINS,"South Sydney
RABBITOHS",5,W,False
0,22612,109356,"South Sydney
RABBITOHS",DOLPHINS,6,FE,True
0,26270,109356,DOLPHINS,"South Sydney
RABBITOHS",20,FE,False
0,35633,109356,"South Sydney
RABBITOHS",DOLPHINS,7,HB,False
0,34197,109356,DOLPHINS,"South Sydney
RABBITOHS",7,HB,False
0,28834,109356,"South Sydney
RABBITOHS",DOLPHINS,8,FR,False
0,21516,109356,DOLPHINS,"South Sydney
RABBITOHS",8,FR,False
0,27280,109356,"South Sydney
RABBITOHS",DOLPHINS,9,HK,False
0,23993,109356,DOLPHINS,"South Sydney
RABBITOHS",9,HK,False
0,31348,109356,"South Sydney
RABBITOHS",DOLPHINS,10,FR,False
0,21472,109356,DOLPHINS,"South Sydney
RABBITOHS",10,FR,False
0,29829,109356,"South Sydney
RABBITOHS",DOLPHINS,11,2R,False
0,35431,109356,DOLPHINS,"South Sydney
RABBITOHS",11,2R,False
0,22749,109356,"South Sydney
RABBITOHS",DOLPHINS,12,2R,False
0,35310,109356,DOLPHINS,"South Sydney
RABBITOHS",12,2R,False
0,35288,109356,"South Sydney
RABBITOHS",DOLPHINS,13,L,False
0,29830,109356,DOLPHINS,"South Sydney
RABBITOHS",13,L,True
0,30076,109356,"South Sydney
RABBITOHS",DOLPHINS,14,B,False
0,36819,109356,DOLPHINS,"South Sydney
RABBITOHS",14,B,False
0,20657,109356,"South Sydney
RABBITOHS",DOLPHINS,15,B,False
0,29905,109356,DOLPHINS,"South Sydney
RABBITOHS",15,B,False
0,33570,109356,"South Sydney
RABBITOHS",DOLPHINS,16,B,False
0,26517,109356,DOLPHINS,"South Sydney
RABBITOHS",17,B,False
0,24761,109356,"South Sydney
RABBITOHS",DOLPHINS,17,B,False
0,28099,109356,DOLPHINS,"South Sydney
RABBITOHS",19,B,False
0,20585,109357,"St George Illawarra
DRAGONS","Canterbury Bankstown
BULLDOGS",1,FB,True
0,28614,109357,"Canterbury Bankstown
BULLDOGS","St George Illawarra
DRAGONS",1,FB,False
0,30867,109357,"St George Illawarra
DRAGONS","Canterbury Bankstown
BULLDOGS",2,W,False
0,35337,109357,"Canterbury Bankstown
BULLDOGS","St George Illawarra
DRAGONS",2,W,False
0,23400,109357,"St George Illawarra
DRAGONS","Canterbury Bankstown
BULLDOGS",3,C,False
0,28263,109357,"Canterbury Bankstown
BULLDOGS","St George Illawarra
DRAGONS",3,C,False
0,20869,109357,"St George Illawarra
DRAGONS","Canterbury Bankstown
BULLDOGS",4,C,False
0,28813,109357,"Canterbury Bankstown
BULLDOGS","St George Illawarra
DRAGONS",4,C,True
0,29973,109357,"St George Illawarra
DRAGONS","Canterbury Bankstown
BULLDOGS",5,W,False
0,22989,109357,"Canterbury Bankstown
BULLDOGS","St George Illawarra
DRAGONS",5,W,False
0,26529,109357,"St George Illawarra
DRAGONS","Canterbury Bankstown
BULLDOGS",6,FE,False
0,28814,109357,"Canterbury Bankstown
BULLDOGS","St George Illawarra
DRAGONS",6,FE,False
0,31372,109357,"St George Illawarra
DRAGONS","Canterbury Bankstown
BULLDOGS",7,HB,False
0,31341,109357,"Canterbury Bankstown
BULLDOGS","St George Illawarra
DRAGONS",7,HB,False
0,35668,109357,"St George Illawarra
DRAGONS","Canterbury Bankstown
BULLDOGS",8,FR,False
0,23418,109357,"Canterbury Bankstown
BULLDOGS","St George Illawarra
DRAGONS",8,FR,False
0,20227,109357,"St George Illawarra
DRAGONS","Canterbury Bankstown
BULLDOGS",9,HK,False
0,26162,109357,"Canterbury Bankstown
BULLDOGS","St George Illawarra
DRAGONS",9,HK,False
0,26518,109357,"St George Illawarra
DRAGONS","Canterbury Bankstown
BULLDOGS",10,FR,False
0,29967,109357,"Canterbury Bankstown
BULLDOGS","St George Illawarra
DRAGONS",21,FR,False
0,22841,109357,"St George Illawarra
DRAGONS","Canterbury Bankstown
BULLDOGS",11,2R,False
0,21517,109357,"Canterbury Bankstown
BULLDOGS","St George Illawarra
DRAGONS",11,2R,False
0,22771,109357,"St George Illawarra
DRAGONS","Canterbury Bankstown
BULLDOGS",12,2R,False
0,35595,109357,"Canterbury Bankstown
BULLDOGS","St George Illawarra
DRAGONS",12,2R,False
0,17216,109357,"St George Illawarra
DRAGONS","Canterbury Bankstown
BULLDOGS",13,L,False
0,26374,109357,"Canterbury Bankstown
BULLDOGS","St George Illawarra
DRAGONS",17,L,False
0,22806,109357,"St George Illawarra
DRAGONS","Canterbury Bankstown
BULLDOGS",14,B,False
0,20260,109357,"Canterbury Bankstown
BULLDOGS","St George Illawarra
DRAGONS",13,B,False
0,37441,109357,"St George Illawarra
DRAGONS","Canterbury Bankstown
BULLDOGS",15,B,False
0,34170,109357,"Canterbury Bankstown
BULLDOGS","St George Illawarra
DRAGONS",14,B,False
0,21508,109357,"St George Illawarra
DRAGONS","Canterbury Bankstown
BULLDOGS",16,B,False
0,26196,109357,"Canterbury Bankstown
BULLDOGS","St George Illawarra
DRAGONS",15,B,False
0,39834,109357,"St George Illawarra
DRAGONS","Canterbury Bankstown
BULLDOGS",17,B,False
0,35606,109357,"Canterbury Bankstown
BULLDOGS","St George Illawarra
DRAGONS",16,B,False
0,21487,109358,"Manly Warringah
SEA EAGLES","North Queensland
COWBOYS",1,FB,False
0,26828,109358,"North Queensland
COWBOYS","Manly Warringah
SEA EAGLES",1,FB,False
0,28736,109358,"Manly Warringah
SEA EAGLES","North Queensland
COWBOYS",2,W,False
0,23409,109358,"North Queensland
COWBOYS","Manly Warringah
SEA EAGLES",2,W,False
0,31625,109358,"Manly Warringah
SEA EAGLES","North Queensland
COWBOYS",3,C,False
0,47254,109358,"North Queensland
COWBOYS","Manly Warringah
SEA EAGLES",3,C,False
0,28210,109358,"Manly Warringah
SEA EAGLES","North Queensland
COWBOYS",4,C,False
0,31345,109358,"North Queensland
COWBOYS","Manly Warringah
SEA EAGLES",4,C,False
0,47241,109358,"Manly Warringah
SEA EAGLES","North Queensland
COWBOYS",5,W,False
0,28726,109358,"North Queensland
COWBOYS","Manly Warringah
SEA EAGLES",5,W,False
0,20580,109358,"Manly Warringah
SEA EAGLES","North Queensland
COWBOYS",6,FE,False
0,28479,109358,"North Queensland
COWBOYS","Manly Warringah
SEA EAGLES",6,FE,True
0,16582,109358,"Manly Warringah
SEA EAGLES","North Queensland
COWBOYS",7,HB,True
0,37313,109358,"North Queensland
COWBOYS","Manly Warringah
SEA EAGLES",7,HB,False
0,25749,109358,"Manly Warringah
SEA EAGLES","North Queensland
COWBOYS",8,FR,False
0,20262,109358,"North Queensland
COWBOYS","Manly Warringah
SEA EAGLES",8,FR,False
0,22623,109358,"Manly Warringah
SEA EAGLES","North Queensland
COWBOYS",9,HK,False
0,25861,109358,"North Queensland
COWBOYS","Manly Warringah
SEA EAGLES",9,HK,False
0,21466,109358,"Manly Warringah
SEA EAGLES","North Queensland
COWBOYS",10,FR,False
0,29904,109358,"North Queensland
COWBOYS","Manly Warringah
SEA EAGLES",10,FR,False
0,29969,109358,"Manly Warringah
SEA EAGLES","North Queensland
COWBOYS",11,2R,False
0,17077,109358,"North Queensland
COWBOYS","Manly Warringah
SEA EAGLES",11,2R,False
0,30989,109358,"Manly Warringah
SEA EAGLES","North Queensland
COWBOYS",12,2R,False
0,31354,109358,"North Queensland
COWBOYS","Manly Warringah
SEA EAGLES",12,2R,False
0,20586,109358,"Manly Warringah
SEA EAGLES","North Queensland
COWBOYS",13,L,False
0,28619,109358,"North Queensland
COWBOYS","Manly Warringah
SEA EAGLES",13,L,False
0,30740,109358,"Manly Warringah
SEA EAGLES","North Queensland
COWBOYS",14,B,False
0,22796,109358,"North Queensland
COWBOYS","Manly Warringah
SEA EAGLES",14,B,False
0,28248,109358,"Manly Warringah
SEA EAGLES","North Queensland
COWBOYS",15,B,False
0,33758,109358,"North Queensland
COWBOYS","Manly Warringah
SEA EAGLES",15,B,False
0,29767,109358,"Manly Warringah
SEA EAGLES","North Queensland
COWBOYS",16,B,False
0,31355,109358,"North Queensland
COWBOYS","Manly Warringah
SEA EAGLES",16,B,False
0,22731,109358,"Manly Warringah
SEA EAGLES","North Queensland
COWBOYS",17,B,False
0,22019,109358,"North Queensland
COWBOYS","Manly Warringah
SEA EAGLES",17,B,False
0,28264,109359,"Melbourne
STORM","Parramatta
EELS",1,FB,False
0,35641,109359,"Parramatta
EELS","Melbourne
STORM",1,FB,False
0,35233,109359,"Melbourne
STORM","Parramatta
EELS",2,W,False
0,31267,109359,"Parramatta
EELS","Melbourne
STORM",2,W,False
0,35232,109359,"Melbourne
STORM","Parramatta
EELS",3,C,False
0,31339,109359,"Parramatta
EELS","Melbourne
STORM",3,C,False
0,26266,109359,"Melbourne
STORM","Parramatta
EELS",4,C,False
0,26152,109359,"Parramatta
EELS","Melbourne
STORM",4,C,False
0,28667,109359,"Melbourne
STORM","Parramatta
EELS",5,W,False
0,35490,109359,"Parramatta
EELS","Melbourne
STORM",5,W,False
0,20831,109359,"Melbourne
STORM","Parramatta
EELS",6,FE,False
0,28213,109359,"Parramatta
EELS","Melbourne
STORM",6,FE,False
0,20275,109359,"Melbourne
STORM","Parramatta
EELS",7,HB,False
0,33452,109359,"Parramatta
EELS","Melbourne
STORM",7,HB,False
0,29912,109359,"Melbourne
STORM","Parramatta
EELS",8,FR,False
0,21473,109359,"Parramatta
EELS","Melbourne
STORM",8,FR,False
0,26157,109359,"Melbourne
STORM","Parramatta
EELS",9,HK,True
0,35465,109359,"Parramatta
EELS","Melbourne
STORM",9,HK,False
0,22716,109359,"Melbourne
STORM","Parramatta
EELS",10,FR,False
0,20880,109359,"Parramatta
EELS","Melbourne
STORM",10,FR,True
0,29962,109359,"Melbourne
STORM","Parramatta
EELS",11,2R,False
0,26153,109359,"Parramatta
EELS","Melbourne
STORM",11,2R,False
0,29764,109359,"Melbourne
STORM","Parramatta
EELS",12,2R,False
0,31346,109359,"Parramatta
EELS","Melbourne
STORM",12,2R,False
0,30673,109359,"Melbourne
STORM","Parramatta
EELS",13,L,False
0,30904,109359,"Parramatta
EELS","Melbourne
STORM",13,L,False
0,31628,109359,"Melbourne
STORM","Parramatta
EELS",14,B,False
0,39254,109359,"Parramatta
EELS","Melbourne
STORM",14,B,False
0,31629,109359,"Melbourne
STORM","Parramatta
EELS",15,B,False
0,29974,109359,"Parramatta
EELS","Melbourne
STORM",15,B,False
0,22760,109359,"Melbourne
STORM","Parramatta
EELS",16,B,False
0,44764,109359,"Parramatta
EELS","Melbourne
STORM",17,B,False
0,35240,109359,"Melbourne
STORM","Parramatta
EELS",17,B,False
0,44830,109359,"Parramatta
EELS","Melbourne
STORM",21,B,False
0,22966,113574,"Newcastle
KNIGHTS",DOLPHINS,1,FB,True
0,29833,113574,DOLPHINS,"Newcastle
KNIGHTS",1,FB,False
0,31626,113574,"Newcastle
KNIGHTS",DOLPHINS,2,W,False
0,23815,113574,DOLPHINS,"Newcastle
KNIGHTS",2,W,False
0,16573,113574,"Newcastle
KNIGHTS",DOLPHINS,3,C,False
0,29766,113574,DOLPHINS,"Newcastle
KNIGHTS",3,C,False
0,28828,113574,"Newcastle
KNIGHTS",DOLPHINS,4,C,False
0,28706,113574,DOLPHINS,"Newcastle
KNIGHTS",4,C,False
0,31083,113574,"Newcastle
KNIGHTS",DOLPHINS,5,W,False
0,32836,113574,DOLPHINS,"Newcastle
KNIGHTS",5,W,False
0,47294,113574,"Newcastle
KNIGHTS",DOLPHINS,6,FE,False
0,21474,113574,DOLPHINS,"Newcastle
KNIGHTS",6,FE,False
0,22748,113574,"Newcastle
KNIGHTS",DOLPHINS,7,HB,False
0,34197,113574,DOLPHINS,"Newcastle
KNIGHTS",7,HB,False
0,21515,113574,"Newcastle
KNIGHTS",DOLPHINS,8,FR,False
0,21516,113574,DOLPHINS,"Newcastle
KNIGHTS",8,FR,False
0,28705,113574,"Newcastle
KNIGHTS",DOLPHINS,9,HK,False
0,23993,113574,DOLPHINS,"Newcastle
KNIGHTS",9,HK,False
0,31627,113574,"Newcastle
KNIGHTS",DOLPHINS,10,FR,False
0,21472,113574,DOLPHINS,"Newcastle
KNIGHTS",10,FR,False
0,35529,113574,"Newcastle
KNIGHTS",DOLPHINS,11,2R,False
0,33975,113574,DOLPHINS,"Newcastle
KNIGHTS",11,2R,False
0,30246,113574,"Newcastle
KNIGHTS",DOLPHINS,12,2R,False
0,35310,113574,DOLPHINS,"Newcastle
KNIGHTS",12,2R,False
0,17283,113574,"Newcastle
KNIGHTS",DOLPHINS,13,L,False
0,29830,113574,DOLPHINS,"Newcastle
KNIGHTS",13,L,True
0,23398,113574,"Newcastle
KNIGHTS",DOLPHINS,14,B,False
0,36819,113574,DOLPHINS,"Newcastle
KNIGHTS",14,B,False
0,25770,113574,"Newcastle
KNIGHTS",DOLPHINS,15,B,False
0,28099,113574,DOLPHINS,"Newcastle
KNIGHTS",15,B,False
0,22605,113574,"Newcastle
KNIGHTS",DOLPHINS,16,B,False
0,19963,113574,DOLPHINS,"Newcastle
KNIGHTS",16,B,False
0,31084,113574,"Newcastle
KNIGHTS",DOLPHINS,17,B,False
0,26517,113574,DOLPHINS,"Newcastle
KNIGHTS",17,B,False
0,22069,113575,WARRIORS,"Manly Warringah
SEA EAGLES",1,FB,False
0,21487,113575,"Manly Warringah
SEA EAGLES",WARRIORS,1,FB,False
0,35163,113575,WARRIORS,"Manly Warringah
SEA EAGLES",2,W,False
0,28736,113575,"Manly Warringah
SEA EAGLES",WARRIORS,2,W,False
0,37236,113575,WARRIORS,"Manly Warringah
SEA EAGLES",3,C,False
0,37233,113575,"Manly Warringah
SEA EAGLES",WARRIORS,18,C,False
0,28725,113575,WARRIORS,"Manly Warringah
SEA EAGLES",4,C,False
0,28210,113575,"Manly Warringah
SEA EAGLES",WARRIORS,4,C,False
0,19974,113575,WARRIORS,"Manly Warringah
SEA EAGLES",5,W,False
0,47241,113575,"Manly Warringah
SEA EAGLES",WARRIORS,5,W,False
0,28262,113575,WARRIORS,"Manly Warringah
SEA EAGLES",6,FE,False
0,20580,113575,"Manly Warringah
SEA EAGLES",WARRIORS,6,FE,False
0,31349,113575,WARRIORS,"Manly Warringah
SEA EAGLES",7,HB,False
0,16582,113575,"Manly Warringah
SEA EAGLES",WARRIORS,7,HB,True
0,22606,113575,WARRIORS,"Manly Warringah
SEA EAGLES",8,FR,True
0,25749,113575,"Manly Warringah
SEA EAGLES",WARRIORS,8,FR,False
0,25627,113575,WARRIORS,"Manly Warringah
SEA EAGLES",9,HK,False
0,22623,113575,"Manly Warringah
SEA EAGLES",WARRIORS,9,HK,False
0,21898,113575,WARRIORS,"Manly Warringah
SEA EAGLES",10,FR,False
0,22607,113575,"Manly Warringah
SEA EAGLES",WARRIORS,10,FR,False
0,22808,113575,WARRIORS,"Manly Warringah
SEA EAGLES",11,2R,False
0,29969,113575,"Manly Warringah
SEA EAGLES",WARRIORS,11,2R,False
0,23502,113575,WARRIORS,"Manly Warringah
SEA EAGLES",12,2R,False
0,30989,113575,"Manly Warringah
SEA EAGLES",WARRIORS,12,2R,False
0,22763,113575,WARRIORS,"Manly Warringah
SEA EAGLES",13,L,False
0,20586,113575,"Manly Warringah
SEA EAGLES",WARRIORS,13,L,False
0,20217,113575,WARRIORS,"Manly Warringah
SEA EAGLES",14,B,False
0,30740,113575,"Manly Warringah
SEA EAGLES",WARRIORS,14,B,False
0,28816,113575,WARRIORS,"Manly Warringah
SEA EAGLES",15,B,False
0,28248,113575,"Manly Warringah
SEA EAGLES",WARRIORS,15,B,False
0,37238,113575,WARRIORS,"Manly Warringah
SEA EAGLES",16,B,False
0,29767,113575,"Manly Warringah
SEA EAGLES",WARRIORS,16,B,False
0,37918,113575,WARRIORS,"Manly Warringah
SEA EAGLES",17,B,False
0,22731,113575,"Manly Warringah
SEA EAGLES",WARRIORS,17,B,False
0,22807,113576,"Penrith
PANTHERS","Sydney
ROOSTERS",1,FB,False
0,19474,113576,"Sydney
ROOSTERS","Penrith
PANTHERS",1,FB,True
0,48731,113576,"Penrith
PANTHERS","Sydney
ROOSTERS",2,W,False
0,20005,113576,"Sydney
ROOSTERS","Penrith
PANTHERS",2,W,False
0,31081,113576,"Penrith
PANTHERS","Sydney
ROOSTERS",3,C,False
0,52106,113576,"Sydney
ROOSTERS","Penrith
PANTHERS",3,C,False
0,35607,113576,"Penrith
PANTHERS","Sydney
ROOSTERS",4,C,False
0,35718,113576,"Sydney
ROOSTERS","Penrith
PANTHERS",4,C,False
0,28598,113576,"Penrith
PANTHERS","Sydney
ROOSTERS",5,W,False
0,28635,113576,"Sydney
ROOSTERS","Penrith
PANTHERS",5,W,False
0,34025,113576,"Penrith
PANTHERS","Sydney
ROOSTERS",6,FE,False
0,35539,113576,"Sydney
ROOSTERS","Penrith
PANTHERS",6,FE,False
0,22776,113576,"Penrith
PANTHERS","Sydney
ROOSTERS",7,HB,True
0,17199,113576,"Sydney
ROOSTERS","Penrith
PANTHERS",7,HB,False
0,22777,113576,"Penrith
PANTHERS","Sydney
ROOSTERS",8,FR,False
0,47347,113576,"Sydney
ROOSTERS","Penrith
PANTHERS",17,FR,False
0,28602,113576,"Penrith
PANTHERS","Sydney
ROOSTERS",9,HK,False
0,22720,113576,"Sydney
ROOSTERS","Penrith
PANTHERS",9,HK,False
0,31080,113576,"Penrith
PANTHERS","Sydney
ROOSTERS",10,FR,False
0,31353,113576,"Sydney
ROOSTERS","Penrith
PANTHERS",10,FR,False
0,20893,113576,"Penrith
PANTHERS","Sydney
ROOSTERS",11,2R,False
0,22840,113576,"Sydney
ROOSTERS","Penrith
PANTHERS",11,2R,False
0,28258,113576,"Penrith
PANTHERS","Sydney
ROOSTERS",12,2R,False
0,34315,113576,"Sydney
ROOSTERS","Penrith
PANTHERS",12,2R,False
0,20713,113576,"Penrith
PANTHERS","Sydney
ROOSTERS",13,L,False
0,44804,113576,"Sydney
ROOSTERS","Penrith
PANTHERS",13,L,False
0,29971,113576,"Penrith
PANTHERS","Sydney
ROOSTERS",14,B,False
0,23717,113576,"Sydney
ROOSTERS","Penrith
PANTHERS",14,B,False
0,23753,113576,"Penrith
PANTHERS","Sydney
ROOSTERS",16,B,False
0,22074,113576,"Sydney
ROOSTERS","Penrith
PANTHERS",15,B,False
0,26267,113576,"Penrith
PANTHERS","Sydney
ROOSTERS",17,B,False
0,49113,113576,"Sydney
ROOSTERS","Penrith
PANTHERS",16,B,False
0,34024,113576,"Penrith
PANTHERS","Sydney
ROOSTERS",20,B,False
0,39025,113576,"Sydney
ROOSTERS","Penrith
PANTHERS",18,B,False
0,20585,113577,"St George Illawarra
DRAGONS","South Sydney
RABBITOHS",1,FB,True
0,47247,113577,"South Sydney
RABBITOHS","St George Illawarra
DRAGONS",1,FB,False
0,31265,113577,"St George Illawarra
DRAGONS","South Sydney
RABBITOHS",19,W,False
0,32382,113577,"South Sydney
RABBITOHS","St George Illawarra
DRAGONS",2,W,False
0,23400,113577,"St George Illawarra
DRAGONS","South Sydney
RABBITOHS",3,C,False
0,36841,113577,"South Sydney
RABBITOHS","St George Illawarra
DRAGONS",3,C,False
0,20869,113577,"St George Illawarra
DRAGONS","South Sydney
RABBITOHS",4,C,False
0,23913,113577,"South Sydney
RABBITOHS","St George Illawarra
DRAGONS",4,C,False
0,29973,113577,"St George Illawarra
DRAGONS","South Sydney
RABBITOHS",5,W,False
0,44602,113577,"South Sydney
RABBITOHS","St George Illawarra
DRAGONS",5,W,False
0,26529,113577,"St George Illawarra
DRAGONS","South Sydney
RABBITOHS",6,FE,False
0,22612,113577,"South Sydney
RABBITOHS","St George Illawarra
DRAGONS",6,FE,True
0,31372,113577,"St George Illawarra
DRAGONS","South Sydney
RABBITOHS",7,HB,False
0,35633,113577,"South Sydney
RABBITOHS","St George Illawarra
DRAGONS",7,HB,False
0,23761,113577,"St George Illawarra
DRAGONS","South Sydney
RABBITOHS",15,FR,False
0,28834,113577,"South Sydney
RABBITOHS","St George Illawarra
DRAGONS",8,FR,False
0,20227,113577,"St George Illawarra
DRAGONS","South Sydney
RABBITOHS",9,HK,False
0,27280,113577,"South Sydney
RABBITOHS","St George Illawarra
DRAGONS",9,HK,False
0,26518,113577,"St George Illawarra
DRAGONS","South Sydney
RABBITOHS",10,FR,False
0,31348,113577,"South Sydney
RABBITOHS","St George Illawarra
DRAGONS",10,FR,False
0,22841,113577,"St George Illawarra
DRAGONS","South Sydney
RABBITOHS",11,2R,False
0,29829,113577,"South Sydney
RABBITOHS","St George Illawarra
DRAGONS",11,2R,False
0,22771,113577,"St George Illawarra
DRAGONS","South Sydney
RABBITOHS",12,2R,False
0,22749,113577,"South Sydney
RABBITOHS","St George Illawarra
DRAGONS",12,2R,False
0,17216,113577,"St George Illawarra
DRAGONS","South Sydney
RABBITOHS",13,L,False
0,35288,113577,"South Sydney
RABBITOHS","St George Illawarra
DRAGONS",13,L,False
0,35668,113577,"St George Illawarra
DRAGONS","South Sydney
RABBITOHS",8,B,False
0,30076,113577,"South Sydney
RABBITOHS","St George Illawarra
DRAGONS",14,B,False
0,22806,113577,"St George Illawarra
DRAGONS","South Sydney
RABBITOHS",14,B,False
0,20657,113577,"South Sydney
RABBITOHS","St George Illawarra
DRAGONS",15,B,False
0,21508,113577,"St George Illawarra
DRAGONS","South Sydney
RABBITOHS",16,B,False
0,33570,113577,"South Sydney
RABBITOHS","St George Illawarra
DRAGONS",16,B,False
0,39834,113577,"St George Illawarra
DRAGONS","South Sydney
RABBITOHS",17,B,False
0,24761,113577,"South Sydney
RABBITOHS","St George Illawarra
DRAGONS",17,B,False
0,26828,113578,"North Queensland
COWBOYS","Cronulla Sutherland
SHARKS",1,FB,False
0,28451,113578,"Cronulla Sutherland
SHARKS","North Queensland
COWBOYS",1,FB,False
0,23409,113578,"North Queensland
COWBOYS","Cronulla Sutherland
SHARKS",2,W,False
0,35476,113578,"Cronulla Sutherland
SHARKS","North Queensland
COWBOYS",2,W,False
0,47254,113578,"North Queensland
COWBOYS","Cronulla Sutherland
SHARKS",3,C,False
0,23420,113578,"Cronulla Sutherland
SHARKS","North Queensland
COWBOYS",3,C,False
0,31345,113578,"North Queensland
COWBOYS","Cronulla Sutherland
SHARKS",4,C,False
0,28641,113578,"Cronulla Sutherland
SHARKS","North Queensland
COWBOYS",4,C,False
0,28726,113578,"North Queensland
COWBOYS","Cronulla Sutherland
SHARKS",5,W,False
0,28465,113578,"Cronulla Sutherland
SHARKS","North Queensland
COWBOYS",5,W,False
0,28479,113578,"North Queensland
COWBOYS","Cronulla Sutherland
SHARKS",6,FE,True
0,29966,113578,"Cronulla Sutherland
SHARKS","North Queensland
COWBOYS",6,FE,False
0,37313,113578,"North Queensland
COWBOYS","Cronulla Sutherland
SHARKS",7,HB,False
0,28817,113578,"Cronulla Sutherland
SHARKS","North Queensland
COWBOYS",7,HB,False
0,20262,113578,"North Queensland
COWBOYS","Cronulla Sutherland
SHARKS",8,FR,False
0,22715,113578,"Cronulla Sutherland
SHARKS","North Queensland
COWBOYS",8,FR,False
0,25861,113578,"North Queensland
COWBOYS","Cronulla Sutherland
SHARKS",9,HK,False
0,28206,113578,"Cronulla Sutherland
SHARKS","North Queensland
COWBOYS",9,HK,False
0,29904,113578,"North Queensland
COWBOYS","Cronulla Sutherland
SHARKS",10,FR,False
0,26516,113578,"Cronulla Sutherland
SHARKS","North Queensland
COWBOYS",10,FR,False
0,17077,113578,"North Queensland
COWBOYS","Cronulla Sutherland
SHARKS",11,2R,False
0,28205,113578,"Cronulla Sutherland
SHARKS","North Queensland
COWBOYS",11,2R,False
0,29910,113578,"North Queensland
COWBOYS","Cronulla Sutherland
SHARKS",12,2R,False
0,29963,113578,"Cronulla Sutherland
SHARKS","North Queensland
COWBOYS",12,2R,False
0,28619,113578,"North Queensland
COWBOYS","Cronulla Sutherland
SHARKS",13,L,False
0,20170,113578,"Cronulla Sutherland
SHARKS","North Queensland
COWBOYS",13,L,True
0,22796,113578,"North Queensland
COWBOYS","Cronulla Sutherland
SHARKS",14,B,False
0,31369,113578,"Cronulla Sutherland
SHARKS","North Queensland
COWBOYS",14,B,False
0,33758,113578,"North Queensland
COWBOYS","Cronulla Sutherland
SHARKS",15,B,False
0,22775,113578,"Cronulla Sutherland
SHARKS","North Queensland
COWBOYS",15,B,False
0,31355,113578,"North Queensland
COWBOYS","Cronulla Sutherland
SHARKS",16,B,False
0,23912,113578,"Cronulla Sutherland
SHARKS","North Queensland
COWBOYS",16,B,False
0,22019,113578,"North Queensland
COWBOYS","Cronulla Sutherland
SHARKS",17,B,False
0,30866,113578,"Cronulla Sutherland
SHARKS","North Queensland
COWBOYS",18,B,False
0,33751,113579,"Canberra
RAIDERS","Brisbane
BRONCOS",1,FB,False
0,30858,113579,"Brisbane
BRONCOS","Canberra
RAIDERS",1,FB,False
0,38056,113579,"Canberra
RAIDERS","Brisbane
BRONCOS",2,W,False
0,31079,113579,"Brisbane
BRONCOS","Canberra
RAIDERS",2,W,False
0,29981,113579,"Canberra
RAIDERS","Brisbane
BRONCOS",3,C,False
0,33757,113579,"Brisbane
BRONCOS","Canberra
RAIDERS",3,C,False
0,28599,113579,"Canberra
RAIDERS","Brisbane
BRONCOS",4,C,False
0,26512,113579,"Brisbane
BRONCOS","Canberra
RAIDERS",4,C,False
0,29980,113579,"Canberra
RAIDERS","Brisbane
BRONCOS",5,W,False
0,28480,113579,"Brisbane
BRONCOS","Canberra
RAIDERS",5,W,False
0,37998,113579,"Canberra
RAIDERS","Brisbane
BRONCOS",6,FE,False
0,13914,113579,"Brisbane
BRONCOS","Canberra
RAIDERS",6,FE,False
0,23760,113579,"Canberra
RAIDERS","Brisbane
BRONCOS",7,HB,True
0,19417,113579,"Brisbane
BRONCOS","Canberra
RAIDERS",7,HB,True
0,17155,113579,"Canberra
RAIDERS","Brisbane
BRONCOS",8,FR,False
0,28411,113579,"Brisbane
BRONCOS","Canberra
RAIDERS",8,FR,False
0,26829,113579,"Canberra
RAIDERS","Brisbane
BRONCOS",9,HK,False
0,29827,113579,"Brisbane
BRONCOS","Canberra
RAIDERS",9,HK,False
0,28215,113579,"Canberra
RAIDERS","Brisbane
BRONCOS",10,FR,False
0,25859,113579,"Brisbane
BRONCOS","Canberra
RAIDERS",10,FR,False
0,28257,113579,"Canberra
RAIDERS","Brisbane
BRONCOS",11,2R,False
0,22750,113579,"Brisbane
BRONCOS","Canberra
RAIDERS",11,2R,False
0,33720,113579,"Canberra
RAIDERS","Brisbane
BRONCOS",12,2R,False
0,29757,113579,"Brisbane
BRONCOS","Canberra
RAIDERS",12,2R,False
0,19894,113579,"Canberra
RAIDERS","Brisbane
BRONCOS",16,L,False
0,30910,113579,"Brisbane
BRONCOS","Canberra
RAIDERS",13,L,False
0,28261,113579,"Canberra
RAIDERS","Brisbane
BRONCOS",13,B,False
0,28703,113579,"Brisbane
BRONCOS","Canberra
RAIDERS",14,B,False
0,50791,113579,"Canberra
RAIDERS","Brisbane
BRONCOS",14,B,False
0,23475,113579,"Brisbane
BRONCOS","Canberra
RAIDERS",15,B,False
0,30906,113579,"Canberra
RAIDERS","Brisbane
BRONCOS",15,B,False
0,31347,113579,"Brisbane
BRONCOS","Canberra
RAIDERS",16,B,False
0,33761,113579,"Canberra
RAIDERS","Brisbane
BRONCOS",17,B,False
0,31368,113579,"Brisbane
BRONCOS","Canberra
RAIDERS",17,B,False
0,35641,113580,"Parramatta
EELS",WESTS TIGERS,1,FB,False
0,37248,113580,WESTS TIGERS,"Parramatta
EELS",1,FB,False
0,31267,113580,"Parramatta
EELS",WESTS TIGERS,2,W,False
0,33587,113580,WESTS TIGERS,"Parramatta
EELS",2,W,False
0,31339,113580,"Parramatta
EELS",WESTS TIGERS,3,C,False
0,24102,113580,WESTS TIGERS,"Parramatta
EELS",3,C,False
0,26152,113580,"Parramatta
EELS",WESTS TIGERS,4,C,False
0,28836,113580,WESTS TIGERS,"Parramatta
EELS",4,C,False
0,39739,113580,"Parramatta
EELS",WESTS TIGERS,5,W,False
0,35666,113580,WESTS TIGERS,"Parramatta
EELS",5,W,False
0,28213,113580,"Parramatta
EELS",WESTS TIGERS,6,FE,False
0,47250,113580,WESTS TIGERS,"Parramatta
EELS",6,FE,False
0,33452,113580,"Parramatta
EELS",WESTS TIGERS,7,HB,False
0,24106,113580,WESTS TIGERS,"Parramatta
EELS",7,HB,True
0,21473,113580,"Parramatta
EELS",WESTS TIGERS,8,FR,False
0,33067,113580,WESTS TIGERS,"Parramatta
EELS",8,FR,False
0,35465,113580,"Parramatta
EELS",WESTS TIGERS,9,HK,False
0,20150,113580,WESTS TIGERS,"Parramatta
EELS",9,HK,False
0,20880,113580,"Parramatta
EELS",WESTS TIGERS,10,FR,True
0,33713,113580,WESTS TIGERS,"Parramatta
EELS",10,FR,False
0,21710,113580,"Parramatta
EELS",WESTS TIGERS,11,2R,False
0,37234,113580,WESTS TIGERS,"Parramatta
EELS",11,2R,False
0,26153,113580,"Parramatta
EELS",WESTS TIGERS,12,2R,False
0,29823,113580,WESTS TIGERS,"Parramatta
EELS",12,2R,False
0,30904,113580,"Parramatta
EELS",WESTS TIGERS,13,L,False
0,23762,113580,WESTS TIGERS,"Parramatta
EELS",13,L,False
0,39254,113580,"Parramatta
EELS",WESTS TIGERS,14,B,False
0,39348,113580,WESTS TIGERS,"Parramatta
EELS",14,B,False
0,29974,113580,"Parramatta
EELS",WESTS TIGERS,15,B,False
0,23749,113580,WESTS TIGERS,"Parramatta
EELS",15,B,False
0,34005,113580,"Parramatta
EELS",WESTS TIGERS,16,B,False
0,21482,113580,WESTS TIGERS,"Parramatta
EELS",16,B,False
0,44830,113580,"Parramatta
EELS",WESTS TIGERS,17,B,False
0,35651,113580,WESTS TIGERS,"Parramatta
EELS",17,B,False
0,28614,113581,"Canterbury Bankstown
BULLDOGS","Gold Coast
TITANS",1,FB,False
0,37321,113581,"Gold Coast
TITANS","Canterbury Bankstown
BULLDOGS",1,FB,False
0,35337,113581,"Canterbury Bankstown
BULLDOGS","Gold Coast
TITANS",2,W,False
0,35142,113581,"Gold Coast
TITANS","Canterbury Bankstown
BULLDOGS",2,W,False
0,28263,113581,"Canterbury Bankstown
BULLDOGS","Gold Coast
TITANS",3,C,False
0,23406,113581,"Gold Coast
TITANS","Canterbury Bankstown
BULLDOGS",3,C,False
0,28813,113581,"Canterbury Bankstown
BULLDOGS","Gold Coast
TITANS",4,C,True
0,23750,113581,"Gold Coast
TITANS","Canterbury Bankstown
BULLDOGS",4,C,False
0,22989,113581,"Canterbury Bankstown
BULLDOGS","Gold Coast
TITANS",5,W,False
0,33451,113581,"Gold Coast
TITANS","Canterbury Bankstown
BULLDOGS",5,W,False
0,28814,113581,"Canterbury Bankstown
BULLDOGS","Gold Coast
TITANS",6,FE,False
0,26150,113581,"Gold Coast
TITANS","Canterbury Bankstown
BULLDOGS",6,FE,False
0,31341,113581,"Canterbury Bankstown
BULLDOGS","Gold Coast
TITANS",7,HB,False
0,31082,113581,"Gold Coast
TITANS","Canterbury Bankstown
BULLDOGS",7,HB,False
0,23418,113581,"Canterbury Bankstown
BULLDOGS","Gold Coast
TITANS",8,FR,False
0,25860,113581,"Gold Coast
TITANS","Canterbury Bankstown
BULLDOGS",8,FR,False
0,26162,113581,"Canterbury Bankstown
BULLDOGS","Gold Coast
TITANS",9,HK,False
0,28452,113581,"Gold Coast
TITANS","Canterbury Bankstown
BULLDOGS",9,HK,False
0,28453,113581,"Canterbury Bankstown
BULLDOGS","Gold Coast
TITANS",16,FR,False
0,21468,113581,"Gold Coast
TITANS","Canterbury Bankstown
BULLDOGS",10,FR,False
0,21517,113581,"Canterbury Bankstown
BULLDOGS","Gold Coast
TITANS",11,2R,False
0,28981,113581,"Gold Coast
TITANS","Canterbury Bankstown
BULLDOGS",11,2R,False
0,35595,113581,"Canterbury Bankstown
BULLDOGS","Gold Coast
TITANS",12,2R,False
0,29906,113581,"Gold Coast
TITANS","Canterbury Bankstown
BULLDOGS",12,2R,False
0,26374,113581,"Canterbury Bankstown
BULLDOGS","Gold Coast
TITANS",17,L,False
0,28704,113581,"Gold Coast
TITANS","Canterbury Bankstown
BULLDOGS",13,L,True
0,20260,113581,"Canterbury Bankstown
BULLDOGS","Gold Coast
TITANS",13,B,False
0,29825,113581,"Gold Coast
TITANS","Canterbury Bankstown
BULLDOGS",14,B,False
0,34170,113581,"Canterbury Bankstown
BULLDOGS","Gold Coast
TITANS",14,B,False
0,26200,113581,"Gold Coast
TITANS","Canterbury Bankstown
BULLDOGS",15,B,False
0,26196,113581,"Canterbury Bankstown
BULLDOGS","Gold Coast
TITANS",15,B,False
0,29761,113581,"Gold Coast
TITANS","Canterbury Bankstown
BULLDOGS",16,B,False
0,35606,113581,"Canterbury Bankstown
BULLDOGS","Gold Coast
TITANS",19,B,False
0,36562,113581,"Gold Coast
TITANS","Canterbury Bankstown
BULLDOGS",17,B,False
0,28264,113594,"Melbourne
STORM","Penrith
PANTHERS",1,FB,False
0,34023,113594,"Penrith
PANTHERS","Melbourne
STORM",22,FB,False
0,33447,113594,"Melbourne
STORM","Penrith
PANTHERS",2,W,False
0,48731,113594,"Penrith
PANTHERS","Melbourne
STORM",24,W,False
0,35232,113594,"Melbourne
STORM","Penrith
PANTHERS",3,C,False
0,31081,113594,"Penrith
PANTHERS","Melbourne
STORM",3,C,False
0,26266,113594,"Melbourne
STORM","Penrith
PANTHERS",4,C,False
0,35607,113594,"Penrith
PANTHERS","Melbourne
STORM",4,C,False
0,28667,113594,"Melbourne
STORM","Penrith
PANTHERS",5,W,False
0,28598,113594,"Penrith
PANTHERS","Melbourne
STORM",5,W,False
0,20831,113594,"Melbourne
STORM","Penrith
PANTHERS",6,FE,False
0,34025,113594,"Penrith
PANTHERS","Melbourne
STORM",6,FE,False
0,20275,113594,"Melbourne
STORM","Penrith
PANTHERS",7,HB,False
0,22776,113594,"Penrith
PANTHERS","Melbourne
STORM",7,HB,True
0,29912,113594,"Melbourne
STORM","Penrith
PANTHERS",8,FR,False
0,22777,113594,"Penrith
PANTHERS","Melbourne
STORM",8,FR,False
0,26157,113594,"Melbourne
STORM","Penrith
PANTHERS",9,HK,True
0,28602,113594,"Penrith
PANTHERS","Melbourne
STORM",9,HK,False
0,22716,113594,"Melbourne
STORM","Penrith
PANTHERS",10,FR,False
0,31080,113594,"Penrith
PANTHERS","Melbourne
STORM",10,FR,False
0,29962,113594,"Melbourne
STORM","Penrith
PANTHERS",11,2R,False
0,20893,113594,"Penrith
PANTHERS","Melbourne
STORM",11,2R,False
0,29764,113594,"Melbourne
STORM","Penrith
PANTHERS",12,2R,False
0,28258,113594,"Penrith
PANTHERS","Melbourne
STORM",12,2R,False
0,30673,113594,"Melbourne
STORM","Penrith
PANTHERS",13,L,False
0,20713,113594,"Penrith
PANTHERS","Melbourne
STORM",13,L,False
0,31628,113594,"Melbourne
STORM","Penrith
PANTHERS",14,B,False
0,23403,113594,"Penrith
PANTHERS","Melbourne
STORM",15,B,False
0,31629,113594,"Melbourne
STORM","Penrith
PANTHERS",15,B,False
0,34024,113594,"Penrith
PANTHERS","Melbourne
STORM",16,B,False
0,22760,113594,"Melbourne
STORM","Penrith
PANTHERS",16,B,False
0,26267,113594,"Penrith
PANTHERS","Melbourne
STORM",17,B,False
0,21509,113594,"Melbourne
STORM","Penrith
PANTHERS",22,B,False
0,47245,113594,"Penrith
PANTHERS","Melbourne
STORM",18,B,False
0,22069,113595,WARRIORS,"Sydney
ROOSTERS",1,FB,False
0,19474,113595,"Sydney
ROOSTERS",WARRIORS,1,FB,True
0,35163,113595,WARRIORS,"Sydney
ROOSTERS",2,W,False
0,20005,113595,"Sydney
ROOSTERS",WARRIORS,2,W,False
0,37236,113595,WARRIORS,"Sydney
ROOSTERS",3,C,False
0,52106,113595,"Sydney
ROOSTERS",WARRIORS,3,C,False
0,28725,113595,WARRIORS,"Sydney
ROOSTERS",4,C,False
0,35718,113595,"Sydney
ROOSTERS",WARRIORS,4,C,False
0,19974,113595,WARRIORS,"Sydney
ROOSTERS",5,W,False
0,28635,113595,"Sydney
ROOSTERS",WARRIORS,5,W,False
0,28262,113595,WARRIORS,"Sydney
ROOSTERS",6,FE,False
0,35539,113595,"Sydney
ROOSTERS",WARRIORS,6,FE,False
0,31349,113595,WARRIORS,"Sydney
ROOSTERS",7,HB,False
0,17199,113595,"Sydney
ROOSTERS",WARRIORS,7,HB,False
0,22606,113595,WARRIORS,"Sydney
ROOSTERS",8,FR,True
0,28815,113595,"Sydney
ROOSTERS",WARRIORS,8,FR,False
0,25627,113595,WARRIORS,"Sydney
ROOSTERS",9,HK,False
0,22720,113595,"Sydney
ROOSTERS",WARRIORS,9,HK,False
0,21898,113595,WARRIORS,"Sydney
ROOSTERS",10,FR,False
0,31353,113595,"Sydney
ROOSTERS",WARRIORS,10,FR,False
0,22808,113595,WARRIORS,"Sydney
ROOSTERS",11,2R,False
0,22840,113595,"Sydney
ROOSTERS",WARRIORS,11,2R,False
0,23502,113595,WARRIORS,"Sydney
ROOSTERS",12,2R,False
0,34315,113595,"Sydney
ROOSTERS",WARRIORS,12,2R,False
0,22763,113595,WARRIORS,"Sydney
ROOSTERS",13,L,False
0,23898,113595,"Sydney
ROOSTERS",WARRIORS,13,L,False
0,20217,113595,WARRIORS,"Sydney
ROOSTERS",14,B,False
0,23717,113595,"Sydney
ROOSTERS",WARRIORS,14,B,False
0,28816,113595,WARRIORS,"Sydney
ROOSTERS",15,B,False
0,49113,113595,"Sydney
ROOSTERS",WARRIORS,16,B,False
0,37238,113595,WARRIORS,"Sydney
ROOSTERS",16,B,False
0,39025,113595,"Sydney
ROOSTERS",WARRIORS,18,B,False
0,37918,113595,WARRIORS,"Sydney
ROOSTERS",17,B,False
0,22074,113595,"Sydney
ROOSTERS",WARRIORS,21,B,False
0,30858,113596,"Brisbane
BRONCOS","North Queensland
COWBOYS",1,FB,False
0,26828,113596,"North Queensland
COWBOYS","Brisbane
BRONCOS",1,FB,False
0,31079,113596,"Brisbane
BRONCOS","North Queensland
COWBOYS",2,W,False
0,33578,113596,"North Queensland
COWBOYS","Brisbane
BRONCOS",2,W,False
0,33757,113596,"Brisbane
BRONCOS","North Queensland
COWBOYS",3,C,False
0,47254,113596,"North Queensland
COWBOYS","Brisbane
BRONCOS",3,C,False
0,26512,113596,"Brisbane
BRONCOS","North Queensland
COWBOYS",4,C,False
0,31345,113596,"North Queensland
COWBOYS","Brisbane
BRONCOS",4,C,False
0,28480,113596,"Brisbane
BRONCOS","North Queensland
COWBOYS",5,W,False
0,28726,113596,"North Queensland
COWBOYS","Brisbane
BRONCOS",5,W,False
0,13914,113596,"Brisbane
BRONCOS","North Queensland
COWBOYS",6,FE,False
0,28479,113596,"North Queensland
COWBOYS","Brisbane
BRONCOS",6,FE,True
0,19417,113596,"Brisbane
BRONCOS","North Queensland
COWBOYS",7,HB,True
0,26274,113596,"North Queensland
COWBOYS","Brisbane
BRONCOS",7,HB,False
0,28411,113596,"Brisbane
BRONCOS","North Queensland
COWBOYS",8,FR,False
0,20262,113596,"North Queensland
COWBOYS","Brisbane
BRONCOS",8,FR,False
0,29827,113596,"Brisbane
BRONCOS","North Queensland
COWBOYS",9,HK,False
0,25861,113596,"North Queensland
COWBOYS","Brisbane
BRONCOS",9,HK,False
0,25859,113596,"Brisbane
BRONCOS","North Queensland
COWBOYS",10,FR,False
0,15034,113596,"North Queensland
COWBOYS","Brisbane
BRONCOS",10,FR,False
0,22750,113596,"Brisbane
BRONCOS","North Queensland
COWBOYS",11,2R,False
0,17077,113596,"North Queensland
COWBOYS","Brisbane
BRONCOS",11,2R,False
0,29757,113596,"Brisbane
BRONCOS","North Queensland
COWBOYS",12,2R,False
0,29910,113596,"North Queensland
COWBOYS","Brisbane
BRONCOS",12,2R,False
0,30910,113596,"Brisbane
BRONCOS","North Queensland
COWBOYS",13,L,False
0,28619,113596,"North Queensland
COWBOYS","Brisbane
BRONCOS",13,L,False
0,28703,113596,"Brisbane
BRONCOS","North Queensland
COWBOYS",14,B,False
0,29904,113596,"North Queensland
COWBOYS","Brisbane
BRONCOS",14,B,False
0,23475,113596,"Brisbane
BRONCOS","North Queensland
COWBOYS",15,B,False
0,31354,113596,"North Queensland
COWBOYS","Brisbane
BRONCOS",15,B,False
0,31347,113596,"Brisbane
BRONCOS","North Queensland
COWBOYS",16,B,False
0,31355,113596,"North Queensland
COWBOYS","Brisbane
BRONCOS",16,B,False
0,31368,113596,"Brisbane
BRONCOS","North Queensland
COWBOYS",17,B,False
0,22019,113596,"North Queensland
COWBOYS","Brisbane
BRONCOS",17,B,False
0,28451,113597,"Cronulla Sutherland
SHARKS","South Sydney
RABBITOHS",1,FB,False
0,47247,113597,"South Sydney
RABBITOHS","Cronulla Sutherland
SHARKS",1,FB,False
0,35476,113597,"Cronulla Sutherland
SHARKS","South Sydney
RABBITOHS",2,W,False
0,32382,113597,"South Sydney
RABBITOHS","Cronulla Sutherland
SHARKS",2,W,False
0,23420,113597,"Cronulla Sutherland
SHARKS","South Sydney
RABBITOHS",3,C,False
0,19515,113597,"South Sydney
RABBITOHS","Cronulla Sutherland
SHARKS",3,C,False
0,28641,113597,"Cronulla Sutherland
SHARKS","South Sydney
RABBITOHS",4,C,False
0,23913,113597,"South Sydney
RABBITOHS","Cronulla Sutherland
SHARKS",4,C,False
0,28465,113597,"Cronulla Sutherland
SHARKS","South Sydney
RABBITOHS",5,W,False
0,28211,113597,"South Sydney
RABBITOHS","Cronulla Sutherland
SHARKS",18,W,False
0,29966,113597,"Cronulla Sutherland
SHARKS","South Sydney
RABBITOHS",6,FE,False
0,22612,113597,"South Sydney
RABBITOHS","Cronulla Sutherland
SHARKS",6,FE,True
0,28817,113597,"Cronulla Sutherland
SHARKS","South Sydney
RABBITOHS",7,HB,False
0,35633,113597,"South Sydney
RABBITOHS","Cronulla Sutherland
SHARKS",7,HB,False
0,22715,113597,"Cronulla Sutherland
SHARKS","South Sydney
RABBITOHS",8,FR,False
0,28834,113597,"South Sydney
RABBITOHS","Cronulla Sutherland
SHARKS",8,FR,False
0,28206,113597,"Cronulla Sutherland
SHARKS","South Sydney
RABBITOHS",9,HK,False
0,27280,113597,"South Sydney
RABBITOHS","Cronulla Sutherland
SHARKS",9,HK,False
0,26516,113597,"Cronulla Sutherland
SHARKS","South Sydney
RABBITOHS",10,FR,False
0,31348,113597,"South Sydney
RABBITOHS","Cronulla Sutherland
SHARKS",10,FR,False
0,28205,113597,"Cronulla Sutherland
SHARKS","South Sydney
RABBITOHS",11,2R,False
0,29829,113597,"South Sydney
RABBITOHS","Cronulla Sutherland
SHARKS",11,2R,False
0,29963,113597,"Cronulla Sutherland
SHARKS","South Sydney
RABBITOHS",12,2R,False
0,22749,113597,"South Sydney
RABBITOHS","Cronulla Sutherland
SHARKS",12,2R,False
0,20170,113597,"Cronulla Sutherland
SHARKS","South Sydney
RABBITOHS",13,L,True
0,33570,113597,"South Sydney
RABBITOHS","Cronulla Sutherland
SHARKS",13,L,False
0,31369,113597,"Cronulla Sutherland
SHARKS","South Sydney
RABBITOHS",14,B,False
0,30076,113597,"South Sydney
RABBITOHS","Cronulla Sutherland
SHARKS",14,B,False
0,22775,113597,"Cronulla Sutherland
SHARKS","South Sydney
RABBITOHS",15,B,False
0,20657,113597,"South Sydney
RABBITOHS","Cronulla Sutherland
SHARKS",15,B,False
0,23912,113597,"Cronulla Sutherland
SHARKS","South Sydney
RABBITOHS",16,B,False
0,49036,113597,"South Sydney
RABBITOHS","Cronulla Sutherland
SHARKS",16,B,False
0,30866,113597,"Cronulla Sutherland
SHARKS","South Sydney
RABBITOHS",17,B,False
0,24761,113597,"South Sydney
RABBITOHS","Cronulla Sutherland
SHARKS",17,B,False
0,29833,113598,DOLPHINS,WESTS TIGERS,1,FB,False
0,37248,113598,WESTS TIGERS,DOLPHINS,1,FB,False
0,23815,113598,DOLPHINS,WESTS TIGERS,2,W,False
0,33587,113598,WESTS TIGERS,DOLPHINS,2,W,False
0,29766,113598,DOLPHINS,WESTS TIGERS,3,C,False
0,24102,113598,WESTS TIGERS,DOLPHINS,3,C,False
0,28706,113598,DOLPHINS,WESTS TIGERS,4,C,False
0,28836,113598,WESTS TIGERS,DOLPHINS,4,C,False
0,37436,113598,DOLPHINS,WESTS TIGERS,21,W,False
0,35666,113598,WESTS TIGERS,DOLPHINS,5,W,False
0,21474,113598,DOLPHINS,WESTS TIGERS,6,FE,False
0,47250,113598,WESTS TIGERS,DOLPHINS,6,FE,False
0,34197,113598,DOLPHINS,WESTS TIGERS,7,HB,False
0,24106,113598,WESTS TIGERS,DOLPHINS,7,HB,True
0,21516,113598,DOLPHINS,WESTS TIGERS,8,FR,False
0,33067,113598,WESTS TIGERS,DOLPHINS,8,FR,False
0,23993,113598,DOLPHINS,WESTS TIGERS,9,HK,False
0,20150,113598,WESTS TIGERS,DOLPHINS,9,HK,False
0,21472,113598,DOLPHINS,WESTS TIGERS,10,FR,False
0,33713,113598,WESTS TIGERS,DOLPHINS,10,FR,False
0,35431,113598,DOLPHINS,WESTS TIGERS,22,2R,False
0,37234,113598,WESTS TIGERS,DOLPHINS,11,2R,False
0,35310,113598,DOLPHINS,WESTS TIGERS,12,2R,False
0,29823,113598,WESTS TIGERS,DOLPHINS,12,2R,False
0,29830,113598,DOLPHINS,WESTS TIGERS,13,L,True
0,23762,113598,WESTS TIGERS,DOLPHINS,13,L,False
0,33975,113598,DOLPHINS,WESTS TIGERS,11,B,False
0,39348,113598,WESTS TIGERS,DOLPHINS,14,B,False
0,36819,113598,DOLPHINS,WESTS TIGERS,14,B,False
0,23749,113598,WESTS TIGERS,DOLPHINS,15,B,False
0,19963,113598,DOLPHINS,WESTS TIGERS,16,B,False
0,21482,113598,WESTS TIGERS,DOLPHINS,16,B,False
0,26517,113598,DOLPHINS,WESTS TIGERS,17,B,False
0,35651,113598,WESTS TIGERS,DOLPHINS,17,B,False
0,37321,113599,"Gold Coast
TITANS","Newcastle
KNIGHTS",1,FB,False
0,22966,113599,"Newcastle
KNIGHTS","Gold Coast
TITANS",1,FB,True
0,35164,113599,"Gold Coast
TITANS","Newcastle
KNIGHTS",2,W,False
0,31626,113599,"Newcastle
KNIGHTS","Gold Coast
TITANS",2,W,False
0,23406,113599,"Gold Coast
TITANS","Newcastle
KNIGHTS",3,C,False
0,16573,113599,"Newcastle
KNIGHTS","Gold Coast
TITANS",3,C,False
0,23750,113599,"Gold Coast
TITANS","Newcastle
KNIGHTS",4,C,False
0,28828,113599,"Newcastle
KNIGHTS","Gold Coast
TITANS",4,C,False
0,33451,113599,"Gold Coast
TITANS","Newcastle
KNIGHTS",5,W,False
0,31083,113599,"Newcastle
KNIGHTS","Gold Coast
TITANS",5,W,False
0,26150,113599,"Gold Coast
TITANS","Newcastle
KNIGHTS",6,FE,False
0,47294,113599,"Newcastle
KNIGHTS","Gold Coast
TITANS",6,FE,False
0,31082,113599,"Gold Coast
TITANS","Newcastle
KNIGHTS",7,HB,False
0,22748,113599,"Newcastle
KNIGHTS","Gold Coast
TITANS",7,HB,False
0,25860,113599,"Gold Coast
TITANS","Newcastle
KNIGHTS",8,FR,False
0,21515,113599,"Newcastle
KNIGHTS","Gold Coast
TITANS",8,FR,False
0,28452,113599,"Gold Coast
TITANS","Newcastle
KNIGHTS",9,HK,False
0,28705,113599,"Newcastle
KNIGHTS","Gold Coast
TITANS",9,HK,False
0,21468,113599,"Gold Coast
TITANS","Newcastle
KNIGHTS",10,FR,False
0,29826,113599,"Newcastle
KNIGHTS","Gold Coast
TITANS",10,FR,False
0,28981,113599,"Gold Coast
TITANS","Newcastle
KNIGHTS",11,2R,False
0,37241,113599,"Newcastle
KNIGHTS","Gold Coast
TITANS",16,2R,False
0,29906,113599,"Gold Coast
TITANS","Newcastle
KNIGHTS",12,2R,False
0,17283,113599,"Newcastle
KNIGHTS","Gold Coast
TITANS",12,2R,False
0,28704,113599,"Gold Coast
TITANS","Newcastle
KNIGHTS",13,L,True
0,22605,113599,"Newcastle
KNIGHTS","Gold Coast
TITANS",13,L,False
0,29825,113599,"Gold Coast
TITANS","Newcastle
KNIGHTS",14,B,False
0,23398,113599,"Newcastle
KNIGHTS","Gold Coast
TITANS",14,B,False
0,26200,113599,"Gold Coast
TITANS","Newcastle
KNIGHTS",15,B,False
0,25770,113599,"Newcastle
KNIGHTS","Gold Coast
TITANS",15,B,False
0,35137,113599,"Gold Coast
TITANS","Newcastle
KNIGHTS",16,B,False
0,31084,113599,"Newcastle
KNIGHTS","Gold Coast
TITANS",17,B,False
0,36562,113599,"Gold Coast
TITANS","Newcastle
KNIGHTS",17,B,False
0,51552,113599,"Newcastle
KNIGHTS","Gold Coast
TITANS",19,B,False
0,35641,113600,"Parramatta
EELS","Canterbury Bankstown
BULLDOGS",1,FB,False
0,28614,113600,"Canterbury Bankstown
BULLDOGS","Parramatta
EELS",1,FB,False
0,22717,113600,"Parramatta
EELS","Canterbury Bankstown
BULLDOGS",21,W,False
0,35337,113600,"Canterbury Bankstown
BULLDOGS","Parramatta
EELS",2,W,False
0,31339,113600,"Parramatta
EELS","Canterbury Bankstown
BULLDOGS",3,C,False
0,28263,113600,"Canterbury Bankstown
BULLDOGS","Parramatta
EELS",3,C,False
0,26152,113600,"Parramatta
EELS","Canterbury Bankstown
BULLDOGS",4,C,False
0,28813,113600,"Canterbury Bankstown
BULLDOGS","Parramatta
EELS",4,C,True
0,39739,113600,"Parramatta
EELS","Canterbury Bankstown
BULLDOGS",5,W,False
0,22989,113600,"Canterbury Bankstown
BULLDOGS","Parramatta
EELS",5,W,False
0,28213,113600,"Parramatta
EELS","Canterbury Bankstown
BULLDOGS",6,FE,False
0,34170,113600,"Canterbury Bankstown
BULLDOGS","Parramatta
EELS",6,FE,False
0,30677,113600,"Parramatta
EELS","Canterbury Bankstown
BULLDOGS",7,HB,False
0,31341,113600,"Canterbury Bankstown
BULLDOGS","Parramatta
EELS",7,HB,False
0,26153,113600,"Parramatta
EELS","Canterbury Bankstown
BULLDOGS",12,FR,False
0,23418,113600,"Canterbury Bankstown
BULLDOGS","Parramatta
EELS",8,FR,False
0,23901,113600,"Parramatta
EELS","Canterbury Bankstown
BULLDOGS",22,HK,False
0,26162,113600,"Canterbury Bankstown
BULLDOGS","Parramatta
EELS",9,HK,False
0,20880,113600,"Parramatta
EELS","Canterbury Bankstown
BULLDOGS",10,FR,True
0,28453,113600,"Canterbury Bankstown
BULLDOGS","Parramatta
EELS",10,FR,False
0,21710,113600,"Parramatta
EELS","Canterbury Bankstown
BULLDOGS",11,2R,False
0,26374,113600,"Canterbury Bankstown
BULLDOGS","Parramatta
EELS",13,2R,False
0,34005,113600,"Parramatta
EELS","Canterbury Bankstown
BULLDOGS",16,2R,False
0,35595,113600,"Canterbury Bankstown
BULLDOGS","Parramatta
EELS",12,2R,False
0,30904,113600,"Parramatta
EELS","Canterbury Bankstown
BULLDOGS",13,L,False
0,29967,113600,"Canterbury Bankstown
BULLDOGS","Parramatta
EELS",16,L,False
0,21473,113600,"Parramatta
EELS","Canterbury Bankstown
BULLDOGS",8,B,False
0,26196,113600,"Canterbury Bankstown
BULLDOGS","Parramatta
EELS",11,B,False
0,39254,113600,"Parramatta
EELS","Canterbury Bankstown
BULLDOGS",14,B,False
0,20260,113600,"Canterbury Bankstown
BULLDOGS","Parramatta
EELS",14,B,False
0,29974,113600,"Parramatta
EELS","Canterbury Bankstown
BULLDOGS",15,B,False
0,35606,113600,"Canterbury Bankstown
BULLDOGS","Parramatta
EELS",15,B,False
0,44830,113600,"Parramatta
EELS","Canterbury Bankstown
BULLDOGS",17,B,False
0,33449,113600,"Canterbury Bankstown
BULLDOGS","Parramatta
EELS",17,B,False
0,47241,113601,"Manly Warringah
SEA EAGLES","Canberra
RAIDERS",5,FB,False
0,33751,113601,"Canberra
RAIDERS","Manly Warringah
SEA EAGLES",1,FB,False
0,28736,113601,"Manly Warringah
SEA EAGLES","Canberra
RAIDERS",2,W,False
0,38056,113601,"Canberra
RAIDERS","Manly Warringah
SEA EAGLES",2,W,False
0,31625,113601,"Manly Warringah
SEA EAGLES","Canberra
RAIDERS",3,C,False
0,29981,113601,"Canberra
RAIDERS","Manly Warringah
SEA EAGLES",3,C,False
0,28210,113601,"Manly Warringah
SEA EAGLES","Canberra
RAIDERS",4,C,False
0,28599,113601,"Canberra
RAIDERS","Manly Warringah
SEA EAGLES",4,C,False
0,37233,113601,"Manly Warringah
SEA EAGLES","Canberra
RAIDERS",19,W,False
0,31266,113601,"Canberra
RAIDERS","Manly Warringah
SEA EAGLES",5,W,False
0,20580,113601,"Manly Warringah
SEA EAGLES","Canberra
RAIDERS",6,FE,False
0,37998,113601,"Canberra
RAIDERS","Manly Warringah
SEA EAGLES",6,FE,False
0,16582,113601,"Manly Warringah
SEA EAGLES","Canberra
RAIDERS",7,HB,True
0,23760,113601,"Canberra
RAIDERS","Manly Warringah
SEA EAGLES",7,HB,True
0,25749,113601,"Manly Warringah
SEA EAGLES","Canberra
RAIDERS",8,FR,False
0,17155,113601,"Canberra
RAIDERS","Manly Warringah
SEA EAGLES",8,FR,False
0,22623,113601,"Manly Warringah
SEA EAGLES","Canberra
RAIDERS",9,HK,False
0,26829,113601,"Canberra
RAIDERS","Manly Warringah
SEA EAGLES",9,HK,False
0,21466,113601,"Manly Warringah
SEA EAGLES","Canberra
RAIDERS",10,FR,False
0,28215,113601,"Canberra
RAIDERS","Manly Warringah
SEA EAGLES",10,FR,False
0,29969,113601,"Manly Warringah
SEA EAGLES","Canberra
RAIDERS",11,2R,False
0,28257,113601,"Canberra
RAIDERS","Manly Warringah
SEA EAGLES",11,2R,False
0,30989,113601,"Manly Warringah
SEA EAGLES","Canberra
RAIDERS",12,2R,False
0,19894,113601,"Canberra
RAIDERS","Manly Warringah
SEA EAGLES",12,2R,False
0,20586,113601,"Manly Warringah
SEA EAGLES","Canberra
RAIDERS",13,L,False
0,33403,113601,"Canberra
RAIDERS","Manly Warringah
SEA EAGLES",16,L,False
0,30740,113601,"Manly Warringah
SEA EAGLES","Canberra
RAIDERS",14,B,False
0,28261,113601,"Canberra
RAIDERS","Manly Warringah
SEA EAGLES",13,B,False
0,28248,113601,"Manly Warringah
SEA EAGLES","Canberra
RAIDERS",15,B,False
0,50791,113601,"Canberra
RAIDERS","Manly Warringah
SEA EAGLES",14,B,False
0,29767,113601,"Manly Warringah
SEA EAGLES","Canberra
RAIDERS",16,B,False
0,30906,113601,"Canberra
RAIDERS","Manly Warringah
SEA EAGLES",15,B,False
0,22607,113601,"Manly Warringah
SEA EAGLES","Canberra
RAIDERS",17,B,False
0,33761,113601,"Canberra
RAIDERS","Manly Warringah
SEA EAGLES",17,B,False
0,47247,113626,"South Sydney
RABBITOHS","Penrith
PANTHERS",1,FB,False
0,29971,113626,"Penrith
PANTHERS","South Sydney
RABBITOHS",1,FB,False
0,20802,113626,"South Sydney
RABBITOHS","Penrith
PANTHERS",2,W,False
0,35607,113626,"Penrith
PANTHERS","South Sydney
RABBITOHS",2,W,False
0,19515,113626,"South Sydney
RABBITOHS","Penrith
PANTHERS",3,C,False
0,31081,113626,"Penrith
PANTHERS","South Sydney
RABBITOHS",3,C,False
0,32382,113626,"South Sydney
RABBITOHS","Penrith
PANTHERS",4,C,False
0,34023,113626,"Penrith
PANTHERS","South Sydney
RABBITOHS",4,C,False
0,28211,113626,"South Sydney
RABBITOHS","Penrith
PANTHERS",5,W,False
0,28598,113626,"Penrith
PANTHERS","South Sydney
RABBITOHS",5,W,False
0,22612,113626,"South Sydney
RABBITOHS","Penrith
PANTHERS",6,FE,True
0,34025,113626,"Penrith
PANTHERS","South Sydney
RABBITOHS",6,FE,False
0,35633,113626,"South Sydney
RABBITOHS","Penrith
PANTHERS",7,HB,False
0,35499,113626,"Penrith
PANTHERS","South Sydney
RABBITOHS",7,HB,False
0,28834,113626,"South Sydney
RABBITOHS","Penrith
PANTHERS",8,FR,False
0,22777,113626,"Penrith
PANTHERS","South Sydney
RABBITOHS",8,FR,False
0,27280,113626,"South Sydney
RABBITOHS","Penrith
PANTHERS",9,HK,False
0,28602,113626,"Penrith
PANTHERS","South Sydney
RABBITOHS",9,HK,False
0,31348,113626,"South Sydney
RABBITOHS","Penrith
PANTHERS",10,FR,False
0,31080,113626,"Penrith
PANTHERS","South Sydney
RABBITOHS",10,FR,False
0,29829,113626,"South Sydney
RABBITOHS","Penrith
PANTHERS",11,2R,False
0,20893,113626,"Penrith
PANTHERS","South Sydney
RABBITOHS",11,2R,False
0,22749,113626,"South Sydney
RABBITOHS","Penrith
PANTHERS",12,2R,False
0,28258,113626,"Penrith
PANTHERS","South Sydney
RABBITOHS",12,2R,False
0,33570,113626,"South Sydney
RABBITOHS","Penrith
PANTHERS",13,L,False
0,20713,113626,"Penrith
PANTHERS","South Sydney
RABBITOHS",13,L,False
0,30076,113626,"South Sydney
RABBITOHS","Penrith
PANTHERS",14,B,False
0,47245,113626,"Penrith
PANTHERS","South Sydney
RABBITOHS",14,B,False
0,20657,113626,"South Sydney
RABBITOHS","Penrith
PANTHERS",15,B,False
0,23403,113626,"Penrith
PANTHERS","South Sydney
RABBITOHS",15,B,False
0,49036,113626,"South Sydney
RABBITOHS","Penrith
PANTHERS",16,B,False
0,34024,113626,"Penrith
PANTHERS","South Sydney
RABBITOHS",16,B,False
0,24761,113626,"South Sydney
RABBITOHS","Penrith
PANTHERS",17,B,False
0,26267,113626,"Penrith
PANTHERS","South Sydney
RABBITOHS",17,B,False
0,36841,113626,"South Sydney
RABBITOHS","Penrith
PANTHERS",18,B,False
0,48731,113626,"Penrith
PANTHERS","South Sydney
RABBITOHS",18,B,False
0,30247,113626,"South Sydney
RABBITOHS","Penrith
PANTHERS",19,B,False
0,23753,113626,"Penrith
PANTHERS","South Sydney
RABBITOHS",19,B,False
0,53472,113626,"South Sydney
RABBITOHS","Penrith
PANTHERS",20,B,False
0,47437,113626,"Penrith
PANTHERS","South Sydney
RABBITOHS",20,B,False
0,47172,113626,"South Sydney
RABBITOHS","Penrith
PANTHERS",21,B,False
0,35654,113626,"Penrith
PANTHERS","South Sydney
RABBITOHS",21,B,False
0,47240,113626,"South Sydney
RABBITOHS","Penrith
PANTHERS",22,R,False
0,30911,113626,"Penrith
PANTHERS","South Sydney
RABBITOHS",22,R,False
0,19474,113627,"Sydney
ROOSTERS","Gold Coast
TITANS",1,FB,True
0,37323,113627,"Gold Coast
TITANS","Sydney
ROOSTERS",1,FB,False
0,20005,113627,"Sydney
ROOSTERS","Gold Coast
TITANS",2,W,False
0,35164,113627,"Gold Coast
TITANS","Sydney
ROOSTERS",2,W,False
0,52106,113627,"Sydney
ROOSTERS","Gold Coast
TITANS",3,C,False
0,23406,113627,"Gold Coast
TITANS","Sydney
ROOSTERS",3,C,False
0,35718,113627,"Sydney
ROOSTERS","Gold Coast
TITANS",4,C,False
0,23750,113627,"Gold Coast
TITANS","Sydney
ROOSTERS",4,C,False
0,28635,113627,"Sydney
ROOSTERS","Gold Coast
TITANS",5,W,False
0,33451,113627,"Gold Coast
TITANS","Sydney
ROOSTERS",5,W,False
0,35539,113627,"Sydney
ROOSTERS","Gold Coast
TITANS",6,FE,False
0,26150,113627,"Gold Coast
TITANS","Sydney
ROOSTERS",6,FE,False
0,17199,113627,"Sydney
ROOSTERS","Gold Coast
TITANS",7,HB,False
0,31082,113627,"Gold Coast
TITANS","Sydney
ROOSTERS",7,HB,False
0,31353,113627,"Sydney
ROOSTERS","Gold Coast
TITANS",8,FR,False
0,25860,113627,"Gold Coast
TITANS","Sydney
ROOSTERS",8,FR,False
0,23717,113627,"Sydney
ROOSTERS","Gold Coast
TITANS",9,HK,False
0,28452,113627,"Gold Coast
TITANS","Sydney
ROOSTERS",9,HK,False
0,28815,113627,"Sydney
ROOSTERS","Gold Coast
TITANS",10,FR,False
0,21468,113627,"Gold Coast
TITANS","Sydney
ROOSTERS",10,FR,False
0,22840,113627,"Sydney
ROOSTERS","Gold Coast
TITANS",11,2R,False
0,28981,113627,"Gold Coast
TITANS","Sydney
ROOSTERS",11,2R,False
0,34315,113627,"Sydney
ROOSTERS","Gold Coast
TITANS",12,2R,False
0,29906,113627,"Gold Coast
TITANS","Sydney
ROOSTERS",12,2R,False
0,23898,113627,"Sydney
ROOSTERS","Gold Coast
TITANS",13,L,False
0,28704,113627,"Gold Coast
TITANS","Sydney
ROOSTERS",13,L,True
0,39025,113627,"Sydney
ROOSTERS","Gold Coast
TITANS",14,B,False
0,29825,113627,"Gold Coast
TITANS","Sydney
ROOSTERS",14,B,False
0,49113,113627,"Sydney
ROOSTERS","Gold Coast
TITANS",15,B,False
0,26200,113627,"Gold Coast
TITANS","Sydney
ROOSTERS",15,B,False
0,22847,113627,"Sydney
ROOSTERS","Gold Coast
TITANS",16,B,False
0,35137,113627,"Gold Coast
TITANS","Sydney
ROOSTERS",16,B,False
0,23732,113627,"Sydney
ROOSTERS","Gold Coast
TITANS",17,B,False
0,36562,113627,"Gold Coast
TITANS","Sydney
ROOSTERS",17,B,False
0,28830,113627,"Sydney
ROOSTERS","Gold Coast
TITANS",18,B,False
0,38634,113627,"Gold Coast
TITANS","Sydney
ROOSTERS",18,B,False
0,22074,113627,"Sydney
ROOSTERS","Gold Coast
TITANS",19,B,False
0,35425,113627,"Gold Coast
TITANS","Sydney
ROOSTERS",19,B,False
0,35538,113627,"Sydney
ROOSTERS","Gold Coast
TITANS",20,B,False
0,33581,113627,"Gold Coast
TITANS","Sydney
ROOSTERS",20,B,False
0,35672,113627,"Sydney
ROOSTERS","Gold Coast
TITANS",21,B,False
0,31338,113627,"Gold Coast
TITANS","Sydney
ROOSTERS",21,B,False
0,47347,113627,"Sydney
ROOSTERS","Gold Coast
TITANS",22,R,False
0,21543,113627,"Gold Coast
TITANS","Sydney
ROOSTERS",22,R,False
0,29833,113646,DOLPHINS,"Brisbane
BRONCOS",1,FB,False
0,30858,113646,"Brisbane
BRONCOS",DOLPHINS,1,FB,False
0,23815,113646,DOLPHINS,"Brisbane
BRONCOS",2,W,False
0,31079,113646,"Brisbane
BRONCOS",DOLPHINS,2,W,False
0,29766,113646,DOLPHINS,"Brisbane
BRONCOS",3,C,False
0,26156,113646,"Brisbane
BRONCOS",DOLPHINS,3,C,False
0,28706,113646,DOLPHINS,"Brisbane
BRONCOS",4,C,False
0,26512,113646,"Brisbane
BRONCOS",DOLPHINS,4,C,False
0,37436,113646,DOLPHINS,"Brisbane
BRONCOS",5,W,False
0,28480,113646,"Brisbane
BRONCOS",DOLPHINS,5,W,False
0,21474,113646,DOLPHINS,"Brisbane
BRONCOS",6,FE,False
0,13914,113646,"Brisbane
BRONCOS",DOLPHINS,6,FE,False
0,34197,113646,DOLPHINS,"Brisbane
BRONCOS",7,HB,False
0,19417,113646,"Brisbane
BRONCOS",DOLPHINS,7,HB,True
0,21516,113646,DOLPHINS,"Brisbane
BRONCOS",8,FR,False
0,28411,113646,"Brisbane
BRONCOS",DOLPHINS,8,FR,False
0,23993,113646,DOLPHINS,"Brisbane
BRONCOS",9,HK,False
0,29827,113646,"Brisbane
BRONCOS",DOLPHINS,9,HK,False
0,21472,113646,DOLPHINS,"Brisbane
BRONCOS",10,FR,False
0,25859,113646,"Brisbane
BRONCOS",DOLPHINS,10,FR,False
0,35431,113646,DOLPHINS,"Brisbane
BRONCOS",11,2R,False
0,22750,113646,"Brisbane
BRONCOS",DOLPHINS,11,2R,False
0,35310,113646,DOLPHINS,"Brisbane
BRONCOS",12,2R,False
0,29757,113646,"Brisbane
BRONCOS",DOLPHINS,12,2R,False
0,29830,113646,DOLPHINS,"Brisbane
BRONCOS",13,L,True
0,30910,113646,"Brisbane
BRONCOS",DOLPHINS,13,L,False
0,36819,113646,DOLPHINS,"Brisbane
BRONCOS",14,B,False
0,28703,113646,"Brisbane
BRONCOS",DOLPHINS,14,B,False
0,33975,113646,DOLPHINS,"Brisbane
BRONCOS",15,B,False
0,23475,113646,"Brisbane
BRONCOS",DOLPHINS,15,B,False
0,19963,113646,DOLPHINS,"Brisbane
BRONCOS",16,B,False
0,31347,113646,"Brisbane
BRONCOS",DOLPHINS,16,B,False
0,26517,113646,DOLPHINS,"Brisbane
BRONCOS",17,B,False
0,31368,113646,"Brisbane
BRONCOS",DOLPHINS,17,B,False
0,20255,113646,DOLPHINS,"Brisbane
BRONCOS",18,B,False
0,30668,113646,"Brisbane
BRONCOS",DOLPHINS,18,B,False
0,26270,113646,DOLPHINS,"Brisbane
BRONCOS",19,B,False
0,33757,113646,"Brisbane
BRONCOS",DOLPHINS,19,B,False
0,28099,113646,DOLPHINS,"Brisbane
BRONCOS",20,B,False
0,14527,113646,"Brisbane
BRONCOS",DOLPHINS,20,B,False
0,30070,113646,DOLPHINS,"Brisbane
BRONCOS",21,B,False
0,30907,113646,"Brisbane
BRONCOS",DOLPHINS,21,B,False
0,32836,113646,DOLPHINS,"Brisbane
BRONCOS",22,R,False
0,30902,113646,"Brisbane
BRONCOS",DOLPHINS,22,R,False
0,20585,113647,"St George Illawarra
DRAGONS","Melbourne
STORM",1,FB,True
0,28264,113647,"Melbourne
STORM","St George Illawarra
DRAGONS",1,FB,False
0,31265,113647,"St George Illawarra
DRAGONS","Melbourne
STORM",2,W,False
0,35233,113647,"Melbourne
STORM","St George Illawarra
DRAGONS",2,W,False
0,23400,113647,"St George Illawarra
DRAGONS","Melbourne
STORM",3,C,False
0,35232,113647,"Melbourne
STORM","St George Illawarra
DRAGONS",3,C,False
0,20869,113647,"St George Illawarra
DRAGONS","Melbourne
STORM",4,C,False
0,33447,113647,"Melbourne
STORM","St George Illawarra
DRAGONS",4,C,False
0,29973,113647,"St George Illawarra
DRAGONS","Melbourne
STORM",5,W,False
0,28667,113647,"Melbourne
STORM","St George Illawarra
DRAGONS",5,W,False
0,26529,113647,"St George Illawarra
DRAGONS","Melbourne
STORM",6,FE,False
0,20831,113647,"Melbourne
STORM","St George Illawarra
DRAGONS",6,FE,False
0,31372,113647,"St George Illawarra
DRAGONS","Melbourne
STORM",7,HB,False
0,31628,113647,"Melbourne
STORM","St George Illawarra
DRAGONS",7,HB,False
0,35668,113647,"St George Illawarra
DRAGONS","Melbourne
STORM",8,FR,False
0,29912,113647,"Melbourne
STORM","St George Illawarra
DRAGONS",8,FR,False
0,20227,113647,"St George Illawarra
DRAGONS","Melbourne
STORM",9,HK,False
0,26157,113647,"Melbourne
STORM","St George Illawarra
DRAGONS",9,HK,True
0,26518,113647,"St George Illawarra
DRAGONS","Melbourne
STORM",10,FR,False
0,22716,113647,"Melbourne
STORM","St George Illawarra
DRAGONS",10,FR,False
0,22841,113647,"St George Illawarra
DRAGONS","Melbourne
STORM",11,2R,False
0,29962,113647,"Melbourne
STORM","St George Illawarra
DRAGONS",11,2R,False
0,22771,113647,"St George Illawarra
DRAGONS","Melbourne
STORM",12,2R,False
0,29764,113647,"Melbourne
STORM","St George Illawarra
DRAGONS",12,2R,False
0,17216,113647,"St George Illawarra
DRAGONS","Melbourne
STORM",13,L,False
0,30673,113647,"Melbourne
STORM","St George Illawarra
DRAGONS",13,L,False
0,22806,113647,"St George Illawarra
DRAGONS","Melbourne
STORM",14,B,False
0,35258,113647,"Melbourne
STORM","St George Illawarra
DRAGONS",14,B,False
0,20223,113647,"St George Illawarra
DRAGONS","Melbourne
STORM",15,B,False
0,31629,113647,"Melbourne
STORM","St George Illawarra
DRAGONS",15,B,False
0,39834,113647,"St George Illawarra
DRAGONS","Melbourne
STORM",16,B,False
0,22760,113647,"Melbourne
STORM","St George Illawarra
DRAGONS",16,B,False
0,38057,113647,"St George Illawarra
DRAGONS","Melbourne
STORM",17,B,False
0,35240,113647,"Melbourne
STORM","St George Illawarra
DRAGONS",17,B,False
0,30867,113647,"St George Illawarra
DRAGONS","Melbourne
STORM",18,B,False
0,31340,113647,"Melbourne
STORM","St George Illawarra
DRAGONS",18,B,False
0,21508,113647,"St George Illawarra
DRAGONS","Melbourne
STORM",19,B,False
0,28244,113647,"Melbourne
STORM","St George Illawarra
DRAGONS",19,B,False
0,23761,113647,"St George Illawarra
DRAGONS","Melbourne
STORM",20,B,False
0,44963,113647,"Melbourne
STORM","St George Illawarra
DRAGONS",20,B,False
0,20007,113647,"St George Illawarra
DRAGONS","Melbourne
STORM",21,B,False
0,35390,113647,"Melbourne
STORM","St George Illawarra
DRAGONS",21,B,False
0,39835,113647,"St George Illawarra
DRAGONS","Melbourne
STORM",22,R,False
0,47171,113647,"Melbourne
STORM","St George Illawarra
DRAGONS",22,R,False
0,26828,113648,"North Queensland
COWBOYS","Canberra
RAIDERS",1,FB,False
0,33751,113648,"Canberra
RAIDERS","North Queensland
COWBOYS",1,FB,False
0,33578,113648,"North Queensland
COWBOYS","Canberra
RAIDERS",2,W,False
0,38056,113648,"Canberra
RAIDERS","North Queensland
COWBOYS",2,W,False
0,47254,113648,"North Queensland
COWBOYS","Canberra
RAIDERS",3,C,False
0,29981,113648,"Canberra
RAIDERS","North Queensland
COWBOYS",3,C,False
0,31345,113648,"North Queensland
COWBOYS","Canberra
RAIDERS",4,C,False
0,28599,113648,"Canberra
RAIDERS","North Queensland
COWBOYS",4,C,False
0,28726,113648,"North Queensland
COWBOYS","Canberra
RAIDERS",5,W,False
0,31266,113648,"Canberra
RAIDERS","North Queensland
COWBOYS",5,W,False
0,28479,113648,"North Queensland
COWBOYS","Canberra
RAIDERS",6,FE,True
0,37998,113648,"Canberra
RAIDERS","North Queensland
COWBOYS",6,FE,False
0,26274,113648,"North Queensland
COWBOYS","Canberra
RAIDERS",7,HB,False
0,23760,113648,"Canberra
RAIDERS","North Queensland
COWBOYS",7,HB,False
0,20262,113648,"North Queensland
COWBOYS","Canberra
RAIDERS",8,FR,False
0,17155,113648,"Canberra
RAIDERS","North Queensland
COWBOYS",8,FR,False
0,25861,113648,"North Queensland
COWBOYS","Canberra
RAIDERS",9,HK,False
0,26829,113648,"Canberra
RAIDERS","North Queensland
COWBOYS",9,HK,False
0,15034,113648,"North Queensland
COWBOYS","Canberra
RAIDERS",10,FR,False
0,20817,113648,"Canberra
RAIDERS","North Queensland
COWBOYS",10,FR,True
0,17077,113648,"North Queensland
COWBOYS","Canberra
RAIDERS",11,2R,False
0,28257,113648,"Canberra
RAIDERS","North Queensland
COWBOYS",11,2R,False
0,29910,113648,"North Queensland
COWBOYS","Canberra
RAIDERS",12,2R,False
0,19894,113648,"Canberra
RAIDERS","North Queensland
COWBOYS",12,2R,False
0,28619,113648,"North Queensland
COWBOYS","Canberra
RAIDERS",13,L,False
0,28215,113648,"Canberra
RAIDERS","North Queensland
COWBOYS",13,L,False
0,29904,113648,"North Queensland
COWBOYS","Canberra
RAIDERS",14,B,False
0,50791,113648,"Canberra
RAIDERS","North Queensland
COWBOYS",14,B,False
0,31354,113648,"North Queensland
COWBOYS","Canberra
RAIDERS",15,B,False
0,30906,113648,"Canberra
RAIDERS","North Queensland
COWBOYS",15,B,False
0,31355,113648,"North Queensland
COWBOYS","Canberra
RAIDERS",16,B,False
0,33403,113648,"Canberra
RAIDERS","North Queensland
COWBOYS",16,B,False
0,22019,113648,"North Queensland
COWBOYS","Canberra
RAIDERS",17,B,False
0,33761,113648,"Canberra
RAIDERS","North Queensland
COWBOYS",17,B,False
0,33758,113648,"North Queensland
COWBOYS","Canberra
RAIDERS",18,B,False
0,35673,113648,"Canberra
RAIDERS","North Queensland
COWBOYS",19,B,False
0,35410,113648,"North Queensland
COWBOYS","Canberra
RAIDERS",19,B,False
0,21711,113648,"Canberra
RAIDERS","North Queensland
COWBOYS",18,B,False
0,37313,113648,"North Queensland
COWBOYS","Canberra
RAIDERS",20,B,False
0,26513,113648,"Canberra
RAIDERS","North Queensland
COWBOYS",20,B,False
0,22796,113648,"North Queensland
COWBOYS","Canberra
RAIDERS",21,B,False
0,29980,113648,"Canberra
RAIDERS","North Queensland
COWBOYS",21,B,False
0,28209,113648,"North Queensland
COWBOYS","Canberra
RAIDERS",22,R,False
0,30073,113648,"Canberra
RAIDERS","North Queensland
COWBOYS",22,R,False
0,28451,113649,"Cronulla Sutherland
SHARKS","Canterbury Bankstown
BULLDOGS",1,FB,False
0,28614,113649,"Canterbury Bankstown
BULLDOGS","Cronulla Sutherland
SHARKS",1,FB,False
0,35476,113649,"Cronulla Sutherland
SHARKS","Canterbury Bankstown
BULLDOGS",2,W,False
0,35337,113649,"Canterbury Bankstown
BULLDOGS","Cronulla Sutherland
SHARKS",2,W,False
0,23420,113649,"Cronulla Sutherland
SHARKS","Canterbury Bankstown
BULLDOGS",3,C,False
0,28263,113649,"Canterbury Bankstown
BULLDOGS","Cronulla Sutherland
SHARKS",3,C,False
0,28641,113649,"Cronulla Sutherland
SHARKS","Canterbury Bankstown
BULLDOGS",4,C,False
0,28813,113649,"Canterbury Bankstown
BULLDOGS","Cronulla Sutherland
SHARKS",4,C,True
0,28465,113649,"Cronulla Sutherland
SHARKS","Canterbury Bankstown
BULLDOGS",5,W,False
0,22989,113649,"Canterbury Bankstown
BULLDOGS","Cronulla Sutherland
SHARKS",5,W,False
0,29966,113649,"Cronulla Sutherland
SHARKS","Canterbury Bankstown
BULLDOGS",6,FE,False
0,34170,113649,"Canterbury Bankstown
BULLDOGS","Cronulla Sutherland
SHARKS",6,FE,False
0,28817,113649,"Cronulla Sutherland
SHARKS","Canterbury Bankstown
BULLDOGS",7,HB,False
0,31341,113649,"Canterbury Bankstown
BULLDOGS","Cronulla Sutherland
SHARKS",7,HB,False
0,22715,113649,"Cronulla Sutherland
SHARKS","Canterbury Bankstown
BULLDOGS",8,FR,False
0,23418,113649,"Canterbury Bankstown
BULLDOGS","Cronulla Sutherland
SHARKS",8,FR,False
0,28206,113649,"Cronulla Sutherland
SHARKS","Canterbury Bankstown
BULLDOGS",9,HK,False
0,26162,113649,"Canterbury Bankstown
BULLDOGS","Cronulla Sutherland
SHARKS",9,HK,False
0,26516,113649,"Cronulla Sutherland
SHARKS","Canterbury Bankstown
BULLDOGS",10,FR,False
0,29967,113649,"Canterbury Bankstown
BULLDOGS","Cronulla Sutherland
SHARKS",10,FR,False
0,28205,113649,"Cronulla Sutherland
SHARKS","Canterbury Bankstown
BULLDOGS",11,2R,False
0,28453,113649,"Canterbury Bankstown
BULLDOGS","Cronulla Sutherland
SHARKS",11,2R,False
0,29963,113649,"Cronulla Sutherland
SHARKS","Canterbury Bankstown
BULLDOGS",12,2R,False
0,35595,113649,"Canterbury Bankstown
BULLDOGS","Cronulla Sutherland
SHARKS",12,2R,False
0,20170,113649,"Cronulla Sutherland
SHARKS","Canterbury Bankstown
BULLDOGS",13,L,True
0,26374,113649,"Canterbury Bankstown
BULLDOGS","Cronulla Sutherland
SHARKS",13,L,False
0,31369,113649,"Cronulla Sutherland
SHARKS","Canterbury Bankstown
BULLDOGS",14,B,False
0,20260,113649,"Canterbury Bankstown
BULLDOGS","Cronulla Sutherland
SHARKS",14,B,False
0,22775,113649,"Cronulla Sutherland
SHARKS","Canterbury Bankstown
BULLDOGS",15,B,False
0,35606,113649,"Canterbury Bankstown
BULLDOGS","Cronulla Sutherland
SHARKS",15,B,False
0,33219,113649,"Cronulla Sutherland
SHARKS","Canterbury Bankstown
BULLDOGS",16,B,False
0,26196,113649,"Canterbury Bankstown
BULLDOGS","Cronulla Sutherland
SHARKS",16,B,False
0,30866,113649,"Cronulla Sutherland
SHARKS","Canterbury Bankstown
BULLDOGS",17,B,False
0,33449,113649,"Canterbury Bankstown
BULLDOGS","Cronulla Sutherland
SHARKS",17,B,False
0,35472,113649,"Cronulla Sutherland
SHARKS","Canterbury Bankstown
BULLDOGS",18,B,False
0,39421,113649,"Canterbury Bankstown
BULLDOGS","Cronulla Sutherland
SHARKS",19,B,False
0,26515,113649,"Cronulla Sutherland
SHARKS","Canterbury Bankstown
BULLDOGS",19,B,False
0,31263,113649,"Canterbury Bankstown
BULLDOGS","Cronulla Sutherland
SHARKS",20,B,False
0,35545,113649,"Cronulla Sutherland
SHARKS","Canterbury Bankstown
BULLDOGS",20,B,False
0,35644,113649,"Canterbury Bankstown
BULLDOGS","Cronulla Sutherland
SHARKS",21,B,False
0,29765,113649,"Cronulla Sutherland
SHARKS","Canterbury Bankstown
BULLDOGS",21,B,False
0,47233,113649,"Canterbury Bankstown
BULLDOGS","Cronulla Sutherland
SHARKS",22,B,False
0,28832,113649,"Cronulla Sutherland
SHARKS","Canterbury Bankstown
BULLDOGS",22,R,False
0,38289,113649,"Canterbury Bankstown
BULLDOGS","Cronulla Sutherland
SHARKS",23,R,False
0,21487,113650,"Manly Warringah
SEA EAGLES","Parramatta
EELS",1,FB,False
0,35641,113650,"Parramatta
EELS","Manly Warringah
SEA EAGLES",1,FB,False
0,28736,113650,"Manly Warringah
SEA EAGLES","Parramatta
EELS",2,W,False
0,31267,113650,"Parramatta
EELS","Manly Warringah
SEA EAGLES",2,W,False
0,31625,113650,"Manly Warringah
SEA EAGLES","Parramatta
EELS",3,C,False
0,31339,113650,"Parramatta
EELS","Manly Warringah
SEA EAGLES",3,C,False
0,28210,113650,"Manly Warringah
SEA EAGLES","Parramatta
EELS",4,C,False
0,26152,113650,"Parramatta
EELS","Manly Warringah
SEA EAGLES",4,C,False
0,47241,113650,"Manly Warringah
SEA EAGLES","Parramatta
EELS",5,W,False
0,22717,113650,"Parramatta
EELS","Manly Warringah
SEA EAGLES",5,W,False
0,20580,113650,"Manly Warringah
SEA EAGLES","Parramatta
EELS",6,FE,False
0,28213,113650,"Parramatta
EELS","Manly Warringah
SEA EAGLES",6,FE,False
0,16582,113650,"Manly Warringah
SEA EAGLES","Parramatta
EELS",7,HB,True
0,30677,113650,"Parramatta
EELS","Manly Warringah
SEA EAGLES",7,HB,False
0,22607,113650,"Manly Warringah
SEA EAGLES","Parramatta
EELS",8,FR,False
0,26153,113650,"Parramatta
EELS","Manly Warringah
SEA EAGLES",8,FR,False
0,22623,113650,"Manly Warringah
SEA EAGLES","Parramatta
EELS",9,HK,False
0,23901,113650,"Parramatta
EELS","Manly Warringah
SEA EAGLES",9,HK,False
0,21466,113650,"Manly Warringah
SEA EAGLES","Parramatta
EELS",10,FR,False
0,20880,113650,"Parramatta
EELS","Manly Warringah
SEA EAGLES",10,FR,True
0,29969,113650,"Manly Warringah
SEA EAGLES","Parramatta
EELS",11,2R,False
0,21710,113650,"Parramatta
EELS","Manly Warringah
SEA EAGLES",11,2R,False
0,30989,113650,"Manly Warringah
SEA EAGLES","Parramatta
EELS",12,2R,False
0,34005,113650,"Parramatta
EELS","Manly Warringah
SEA EAGLES",12,2R,False
0,20586,113650,"Manly Warringah
SEA EAGLES","Parramatta
EELS",13,L,False
0,30904,113650,"Parramatta
EELS","Manly Warringah
SEA EAGLES",13,L,False
0,30740,113650,"Manly Warringah
SEA EAGLES","Parramatta
EELS",14,B,False
0,39254,113650,"Parramatta
EELS","Manly Warringah
SEA EAGLES",14,B,False
0,28248,113650,"Manly Warringah
SEA EAGLES","Parramatta
EELS",15,B,False
0,29974,113650,"Parramatta
EELS","Manly Warringah
SEA EAGLES",15,B,False
0,29767,113650,"Manly Warringah
SEA EAGLES","Parramatta
EELS",16,B,False
0,21473,113650,"Parramatta
EELS","Manly Warringah
SEA EAGLES",16,B,False
0,20581,113650,"Manly Warringah
SEA EAGLES","Parramatta
EELS",17,B,False
0,35467,113650,"Parramatta
EELS","Manly Warringah
SEA EAGLES",17,B,False
0,37233,113650,"Manly Warringah
SEA EAGLES","Parramatta
EELS",18,B,False
0,44830,113650,"Parramatta
EELS","Manly Warringah
SEA EAGLES",18,B,False
0,30903,113650,"Manly Warringah
SEA EAGLES","Parramatta
EELS",19,B,False
0,44764,113650,"Parramatta
EELS","Manly Warringah
SEA EAGLES",19,B,False
0,22731,113650,"Manly Warringah
SEA EAGLES","Parramatta
EELS",20,B,False
0,37231,113650,"Parramatta
EELS","Manly Warringah
SEA EAGLES",20,B,False
0,34003,113650,"Manly Warringah
SEA EAGLES","Parramatta
EELS",21,B,False
0,33452,113650,"Parramatta
EELS","Manly Warringah
SEA EAGLES",21,B,False
0,35520,113650,"Manly Warringah
SEA EAGLES","Parramatta
EELS",22,R,False
0,39739,113650,"Parramatta
EELS","Manly Warringah
SEA EAGLES",22,R,False
0,37248,113651,WESTS TIGERS,WARRIORS,1,FB,False
0,22069,113651,WARRIORS,WESTS TIGERS,1,FB,False
0,33587,113651,WESTS TIGERS,WARRIORS,2,W,False
0,35163,113651,WARRIORS,WESTS TIGERS,2,W,False
0,24102,113651,WESTS TIGERS,WARRIORS,3,C,False
0,30859,113651,WARRIORS,WESTS TIGERS,3,C,False
0,28836,113651,WESTS TIGERS,WARRIORS,4,C,False
0,37236,113651,WARRIORS,WESTS TIGERS,4,C,False
0,35666,113651,WESTS TIGERS,WARRIORS,5,W,False
0,28725,113651,WARRIORS,WESTS TIGERS,5,W,False
0,47250,113651,WESTS TIGERS,WARRIORS,6,FE,False
0,28262,113651,WARRIORS,WESTS TIGERS,6,FE,False
0,24106,113651,WESTS TIGERS,WARRIORS,7,HB,True
0,31349,113651,WARRIORS,WESTS TIGERS,7,HB,False
0,33067,113651,WESTS TIGERS,WARRIORS,8,FR,False
0,22606,113651,WARRIORS,WESTS TIGERS,8,FR,True
0,20150,113651,WESTS TIGERS,WARRIORS,9,HK,False
0,25627,113651,WARRIORS,WESTS TIGERS,9,HK,False
0,33713,113651,WESTS TIGERS,WARRIORS,10,FR,False
0,21898,113651,WARRIORS,WESTS TIGERS,10,FR,False
0,37234,113651,WESTS TIGERS,WARRIORS,11,2R,False
0,22808,113651,WARRIORS,WESTS TIGERS,11,2R,False
0,29823,113651,WESTS TIGERS,WARRIORS,12,2R,False
0,23502,113651,WARRIORS,WESTS TIGERS,12,2R,False
0,23762,113651,WESTS TIGERS,WARRIORS,13,L,False
0,22763,113651,WARRIORS,WESTS TIGERS,13,L,False
0,39348,113651,WESTS TIGERS,WARRIORS,14,B,False
0,20217,113651,WARRIORS,WESTS TIGERS,14,B,False
0,23749,113651,WESTS TIGERS,WARRIORS,15,B,False
0,28816,113651,WARRIORS,WESTS TIGERS,15,B,False
0,21482,113651,WESTS TIGERS,WARRIORS,16,B,False
0,37238,113651,WARRIORS,WESTS TIGERS,16,B,False
0,35651,113651,WESTS TIGERS,WARRIORS,17,B,False
0,37918,113651,WARRIORS,WESTS TIGERS,17,B,False
0,38051,113651,WESTS TIGERS,WARRIORS,18,B,False
0,22622,113651,WARRIORS,WESTS TIGERS,18,B,False
0,47249,113651,WESTS TIGERS,WARRIORS,19,B,False
0,37907,113651,WARRIORS,WESTS TIGERS,20,B,False
0,44785,113651,WESTS TIGERS,WARRIORS,20,B,False
0,39655,113651,WARRIORS,WESTS TIGERS,21,B,False
0,47161,113651,WESTS TIGERS,WARRIORS,21,B,False
0,22795,113651,WARRIORS,WESTS TIGERS,22,B,False
0,35322,113651,WESTS TIGERS,WARRIORS,22,R,False
0,30864,113651,WARRIORS,WESTS TIGERS,23,R,False
